date,Mkt-RF,SMB,HML,RF
20090909,0.9,0.8,0.69,0
20090910,1.08,0.45,0.93,0
20090911,-0.1,0.13,-0.05,0
20090914,0.65,0.07,0.61,0
20090915,0.44,0.55,0.57,0
20090916,1.54,0.38,1.31,0
20090917,-0.3,-0.01,-0.28,0
20090918,0.23,0.13,-0.18,0
20090921,-0.27,-0.15,-0.65,0
20090922,0.66,-0.09,1.48,0
20090923,-1,0.15,-0.89,0
20090924,-1.06,-0.61,-1.33,0
20090925,-0.64,0.18,-0.5,0
20090928,1.78,0.34,1.1,0
20090929,-0.12,-0.05,0.38,0
20090930,-0.4,-0.57,-0.62,0
20091001,-2.58,-0.6,-1.38,0
20091002,-0.52,-0.29,-0.14,0
20091005,1.49,0.05,1.81,0
20091006,1.41,0.54,0.26,0
20091007,0.26,-0.38,0.57,0
20091008,0.84,0.24,0.42,0
20091009,0.58,0.62,-0.25,0
20091012,0.36,-0.54,0.35,0
20091013,-0.21,0.13,-0.16,0
20091014,1.7,0.04,1.17,0
20091015,0.35,-0.25,-0.42,0
20091016,-0.8,0.01,-1.26,0
20091019,0.94,0.05,0.01,0
20091020,-0.71,-0.73,-0.55,0
20091021,-0.87,-0.08,-0.54,0
20091022,1.03,0.02,0.65,0
20091023,-1.23,-0.8,-1.02,0
20091026,-1.18,0.01,-1.34,0
20091027,-0.52,-0.61,-0.61,0
20091028,-2.15,-1.47,-1.34,0
20091029,2.17,-0.29,1.69,0
20091030,-2.75,-0.05,-1.93,0
20091102,0.52,-0.82,-0.3,0
20091103,0.46,1.02,0.8,0
20091104,0.07,-1.04,-0.53,0
20091105,2.04,1.16,0.64,0
20091106,0.26,-0.23,-0.49,0
20091109,2.17,-0.44,1.34,0
20091110,-0.04,-0.81,-0.08,0
20091111,0.53,0.32,0.31,0
20091112,-1.1,-0.87,-0.77,0
20091113,0.63,0.35,-0.04,0
20091116,1.56,1.3,0.17,0
20091117,0.14,-0.19,-0.07,0
20091118,-0.14,-0.46,0.45,0
20091119,-1.38,-0.76,-0.62,0
20091120,-0.33,0.22,-0.44,0
20091123,1.3,0.41,-0.11,0
20091124,-0.07,-0.11,-0.5,0
20091125,0.48,-0.44,0.12,0
20091127,-1.74,-0.54,-0.82,0
20091130,0.25,-0.37,0.74,0
20091201,1.3,0.61,-0.29,0
20091202,0.2,1.05,-0.36,0
20091203,-0.86,-0.27,-0.33,0
20091204,0.7,1.57,0.77,0
20091207,-0.14,0.53,-0.26,0
20091208,-0.98,0.06,-0.14,0
20091209,0.33,-0.19,-0.02,0
20091210,0.5,-0.98,-0.1,0
20091211,0.44,0.27,0.49,0
20091214,0.78,0.62,0.33,0
20091215,-0.46,0.27,-0.59,0
20091216,0.18,0.43,0.71,0
20091217,-1.16,0.23,-0.34,0
20091218,0.67,0.24,0.19,0
20091221,1.02,0.18,0.29,0
20091222,0.43,0.59,-0.1,0
20091223,0.38,0.9,-0.39,0
20091224,0.5,-0.09,0.19,0
20091228,0.09,-0.1,-0.3,0
20091229,-0.09,0.11,-0.09,0
20091230,-0.01,-0.05,-0.1,0
20091231,-1.01,-0.21,0.39,0
20100104,1.69,0.61,1.14,0
20100105,0.31,-0.64,1.22,0
20100106,0.13,-0.23,0.55,0
20100107,0.4,0.09,0.96,0
20100108,0.33,0.36,0.02,0
20100111,0.13,-0.13,-0.26,0
20100112,-1,-0.17,-1.28,0
20100113,0.85,0.27,0.31,0
20100114,0.24,0.29,0.08,0
20100115,-1.12,-0.12,-0.39,0
20100119,1.27,0.49,-0.2,0
20100120,-0.98,-0.59,0.22,0
20100121,-1.74,0.4,-1.09,0
20100122,-2.14,0.61,-0.9,0
20100125,0.37,-0.22,0.34,0
20100126,-0.45,-0.11,-0.45,0
20100127,0.53,0.26,0.2,0
20100128,-1.18,-0.67,0.42,0
20100129,-0.97,-0.05,-0.42,0
20100201,1.39,-0.22,0.89,0
20100202,1.21,-0.41,0.64,0
20100203,-0.49,0.05,-0.37,0
20100204,-3.14,-0.12,-1.19,0
20100205,0.29,0,0.01,0
20100208,-0.79,0.05,-0.38,0
20100209,1.33,0.32,0.57,0
20100210,-0.17,0.26,0.3,0
20100211,1.13,0.73,0.06,0
20100212,-0.08,0.98,0.14,0
20100216,1.75,-0.31,1.02,0
20100217,0.49,0.1,0.1,0
20100218,0.62,0.08,0.02,0
20100219,0.28,0.05,0.49,0
20100222,-0.05,-0.06,0.6,0
20100223,-1.24,0.32,-0.94,0
20100224,0.94,-0.37,0.55,0
20100225,-0.13,0.22,0.27,0
20100226,0.12,-0.56,0.4,0
20100301,1.2,1.21,0.05,0
20100302,0.32,0.61,0.17,0
20100303,0.09,0.16,0.09,0
20100304,0.37,0.12,0.2,0
20100305,1.43,0.41,0.62,0
20100308,0.02,0.1,0.3,0
20100309,0.21,0.27,-0.09,0
20100310,0.54,0.07,0.71,0
20100311,0.43,-0.08,-0.09,0
20100312,-0.02,0.03,-0.25,0
20100315,-0.02,-0.31,-0.5,0
20100316,0.79,-0.15,0.57,0
20100317,0.57,0.05,0.37,0
20100318,-0.1,-0.15,-0.59,0
20100319,-0.61,-0.61,-0.62,0
20100322,0.67,0.87,0.03,0
20100323,0.8,0.33,0.34,0
20100324,-0.6,-0.62,0.79,0
20100325,-0.26,-0.45,-0.26,0
20100326,0.06,-0.11,0.27,0
20100329,0.59,-0.1,0.2,0
20100330,0.04,0.29,-0.43,0
20100331,-0.36,-0.51,0.2,0
20100401,0.75,-0.05,0.79,0.001
20100405,0.95,1.05,0.85,0.001
20100406,0.19,0.25,0.47,0.001
20100407,-0.48,0.19,0.27,0.001
20100408,0.31,-0.29,0.35,0.001
20100409,0.66,-0.15,0.17,0.001
20100412,0.23,0.26,0.07,0.001
20100413,0.07,0.16,-0.06,0.001
20100414,1.24,0.86,1.43,0.001
20100415,0.11,0.58,-0.03,0.001
20100416,-1.53,0.84,-1.87,0.001
20100419,0.28,-0.87,-0.04,0.001
20100420,0.88,0.64,0.59,0.001
20100421,-0.06,0.73,0.19,0.001
20100422,0.37,0.8,0.53,0.001
20100423,0.7,0.33,0.6,0.001
20100426,-0.43,0.48,-0.38,0.001
20100427,-2.34,0.12,-1.36,0.001
20100428,0.56,-0.72,0.7,0.001
20100429,1.34,0.43,0.54,0.001
20100430,-1.72,-0.97,-0.86,0.001
20100503,1.36,0.63,0.59,0.001
20100504,-2.5,-0.55,-0.92,0.001
20100505,-0.75,-0.74,-0.6,0.001
20100506,-3.27,-0.26,-0.91,0.001
20100507,-1.75,-1.3,-0.51,0.001
20100510,4.47,0.94,1.23,0.001
20100511,-0.17,1.14,-0.16,0.001
20100512,1.63,1.47,0.15,0.001
20100513,-1.12,0.32,-0.33,0.001
20100514,-1.91,-0.25,-0.75,0.001
20100517,0.11,0.07,-0.59,0.001
20100518,-1.41,-0.22,-0.96,0.001
20100519,-0.63,-0.95,0.04,0.001
20100520,-3.99,-0.9,-1.2,0.001
20100521,1.43,-0.46,1.57,0.001
20100524,-1.19,0.3,-0.89,0.001
20100525,-0.03,-0.48,0.57,0.001
20100526,-0.35,0.83,0.4,0.001
20100527,3.44,0.63,1.63,0.001
20100528,-1.18,0.11,-0.69,0.001
20100601,-1.89,-1.01,-1.63,0.001
20100602,2.63,0.17,0.42,0.001
20100603,0.54,0.73,-0.28,0.001
20100604,-3.62,-1.21,-0.69,0.001
20100607,-1.52,-1.1,-1,0.001
20100608,0.91,-1.42,0.12,0.001
20100609,-0.46,0.75,-0.2,0.001
20100610,2.95,0.37,0.89,0.001
20100611,0.62,0.96,0.03,0.001
20100614,-0.06,0.64,-0.01,0.001
20100615,2.36,0.06,0.91,0.001
20100616,-0.12,-0.18,-0.32,0.001
20100617,0.08,-0.15,-0.5,0.001
20100618,0.14,-0.01,0.22,0.001
20100621,-0.47,-0.53,-0.06,0.001
20100622,-1.63,-0.34,-0.74,0.001
20100623,-0.29,-0.03,0.23,0.001
20100624,-1.65,0.14,-0.89,0.001
20100625,0.48,1.03,1.06,0.001
20100628,-0.23,-0.02,-0.77,0.001
20100629,-3.23,-0.66,-1.28,0.001
20100630,-0.98,0.04,-0.33,0.001
20100701,-0.4,-0.32,-0.4,0.001
20100702,-0.49,-0.3,-0.45,0.001
20100706,0.34,-1.97,0.08,0.001
20100707,3.17,0.09,0.36,0.001
20100708,1,0.56,0.03,0.001
20100709,0.81,0.68,0.58,0.001
20100712,-0.11,-1.15,0.07,0.001
20100713,1.77,1.63,0.58,0.001
20100714,-0.04,-0.14,-0.83,0.001
20100715,0.02,-0.86,-0.16,0.001
20100716,-2.94,-0.53,-0.96,0.001
20100719,0.54,-0.17,-0.18,0.001
20100720,1.23,0.66,0.03,0.001
20100721,-1.3,-0.44,-0.36,0.001
20100722,2.37,1.22,0.59,0.001
20100723,1.05,1.48,-0.33,0.001
20100726,1.23,0.88,0.15,0.001
20100727,-0.23,-0.3,0.31,0.001
20100728,-0.83,-0.89,0.04,0.001
20100729,-0.36,0.26,0.67,0.001
20100730,0.06,0.04,-0.22,0.001
20100802,2.09,-0.5,0.08,0.001
20100803,-0.55,-0.41,-0.47,0.001
20100804,0.74,0.45,-0.09,0.001
20100805,-0.22,-0.85,0.12,0.001
20100806,-0.36,-0.19,-0.31,0.001
20100809,0.62,0.56,0.18,0.001
20100810,-0.79,-1.24,-0.19,0.001
20100811,-2.91,-1.08,-0.62,0.001
20100812,-0.5,-0.03,-0.08,0.001
20100813,-0.46,-0.81,0.27,0.001
20100816,0.1,0.95,-0.2,0.001
20100817,1.31,0.54,-0.18,0.001
20100818,0.21,0.09,0.04,0.001
20100819,-1.75,-0.84,-0.4,0.001
20100820,-0.28,0.31,-0.25,0.001
20100823,-0.5,-0.95,-0.4,0.001
20100824,-1.48,0.15,0.22,0.001
20100825,0.45,1.05,0.01,0.001
20100826,-0.76,-0.11,-0.22,0.001
20100827,1.82,0.94,0.35,0.001
20100830,-1.54,-0.85,-0.4,0.001
20100831,0.01,-0.25,0.78,0.001
20100901,3.05,0.62,0.45,0.001
20100902,0.97,0.26,-0.37,0.001
20100903,1.35,0.38,0.17,0.001
20100907,-1.23,-0.79,-0.75,0.001
20100908,0.65,0.08,0.11,0.001
20100909,0.44,-0.46,0.5,0.001
20100910,0.45,-0.13,-0.11,0.001
20100913,1.3,1.18,0.15,0.001
20100914,-0.06,-0.24,-0.5,0.001
20100915,0.36,0.13,-0.19,0.001
20100916,-0.07,-0.5,-0.69,0.001
20100917,0.15,0.57,-0.49,0.001
20100920,1.6,1.17,0.18,0.001
20100921,-0.31,-0.31,-0.26,0.001
20100922,-0.52,-0.57,-0.58,0.001
20100923,-0.78,-0.08,-0.66,0.001
20100924,2.19,0.96,0.55,0.001
20100927,-0.46,0.17,-0.46,0.001
20100928,0.57,0.49,0.15,0.001
20100929,-0.17,0.63,-0.2,0.001
20100930,-0.26,0.03,0.33,0.001
20101001,0.43,-0.02,0.16,0.001
20101004,-0.88,-0.67,-0.1,0.001
20101005,2.11,0.77,0.18,0.001
20101006,-0.11,-0.35,0.42,0.001
20101007,-0.16,0.03,-0.26,0.001
20101008,0.74,0.94,-0.15,0.001
20101011,0.04,0.09,-0.25,0.001
20101012,0.39,-0.04,0.19,0.001
20101013,0.78,0.85,-0.26,0.001
20101014,-0.38,0.36,-0.32,0.001
20101015,0.18,-0.17,-1.13,0.001
20101018,0.69,0.1,0.85,0.001
20101019,-1.67,-0.7,0.24,0.001
20101020,1.06,0.03,0.07,0.001
20101021,0.11,-0.55,-0.48,0.001
20101022,0.29,0.44,-0.4,0.001
20101025,0.31,0.43,-0.45,0.001
20101026,0.02,0.01,-0.22,0.001
20101027,-0.24,-0.16,-0.28,0.001
20101028,0.08,-0.62,-0.08,0.001
20101029,0.07,0.35,-0.13,0.001
20101101,-0.01,-0.65,-0.19,0.001
20101102,0.9,1.3,-0.15,0.001
20101103,0.38,-0.03,0.15,0.001
20101104,1.94,0.54,0.93,0.001
20101105,0.41,-0.06,0.56,0.001
20101108,-0.12,0.43,-0.46,0.001
20101109,-0.78,-0.4,-0.47,0.001
20101110,0.53,0.58,0.56,0.001
20101111,-0.35,-0.1,-0.12,0.001
20101112,-1.29,-0.46,-0.06,0.001
20101115,-0.09,0.22,0.26,0.001
20101116,-1.57,-0.33,-0.12,0.001
20101117,0.07,0.34,-0.26,0.001
20101118,1.58,0.31,-0.3,0.001
20101119,0.31,0.18,-0.19,0.001
20101122,-0.02,0.57,-0.9,0.001
20101123,-1.38,0.48,-0.24,0.001
20101124,1.6,0.66,0.05,0.001
20101126,-0.67,0.29,-0.33,0.001
20101129,-0.13,0.02,0.39,0.001
20101130,-0.6,-0.22,0.05,0.001
20101201,2.12,-0.09,0.02,0.001
20101202,1.23,-0.29,0.59,0.001
20101203,0.35,0.41,0.04,0.001
20101206,-0.03,0.78,-0.09,0.001
20101207,0.1,0.3,0.13,0.001
20101208,0.32,-0.5,0.61,0.001
20101209,0.42,-0.02,0.59,0.001
20101210,0.67,0.46,0.18,0.001
20101213,-0.08,-0.57,0.04,0.001
20101214,0.09,-0.09,-0.05,0.001
20101215,-0.49,0.21,-0.55,0.001
20101216,0.7,0.4,-0.08,0.001
20101217,0.15,0.12,-0.12,0.001
20101220,0.23,-0.01,0.3,0.001
20101221,0.68,0.39,0.7,0.001
20101222,0.3,-0.31,0.72,0.001
20101223,-0.16,0.11,-0.32,0.001
20101227,0.08,0.24,0.43,0.001
20101228,0,-0.44,0.19,0.001
20101229,0.17,0.1,-0.12,0.001
20101230,-0.11,0.14,-0.04,0.001
20101231,-0.1,-0.63,0.22,0.001
20110103,1.18,0.53,0.72,0
20110104,-0.26,-1.32,-0.02,0
20110105,0.6,0.61,0.12,0
20110106,-0.15,-0.07,-0.33,0
20110107,-0.22,-0.29,-0.21,0
20110110,-0.02,0.51,-0.14,0
20110111,0.39,0.12,0.19,0
20110112,0.87,-0.02,0.21,0
20110113,-0.18,0.14,-0.33,0
20110114,0.69,0.02,0.6,0
20110118,0.18,0.09,-0.53,0
20110119,-1.24,-1.38,-0.49,0
20110120,-0.29,-0.97,0.58,0
20110121,0.11,-0.88,0.56,0
20110124,0.66,0.27,-0.23,0
20110125,0.02,0,0.13,0
20110126,0.6,1.39,-0.22,0
20110127,0.27,-0.11,0.36,0
20110128,-1.88,-0.86,-0.07,0
20110131,0.72,0.02,-0.29,0
20110201,1.75,0.48,0.51,0.001
20110202,-0.27,-0.04,-0.37,0.001
20110203,0.26,-0.05,-0.03,0.001
20110204,0.29,0,-0.43,0.001
20110207,0.7,0.28,0.56,0.001
20110208,0.49,0.23,-0.02,0.001
20110209,-0.31,-0.22,-0.04,0.001
20110210,0.12,0.36,-0.35,0.001
20110211,0.67,0.42,0.45,0.001
20110214,0.3,0.21,-0.14,0.001
20110215,-0.38,-0.34,0.25,0.001
20110216,0.68,0.39,0.18,0.001
20110217,0.37,0.34,0.22,0.001
20110218,0.12,-0.1,0.05,0.001
20110222,-2.19,-0.57,-0.22,0.001
20110223,-0.78,-1.15,0.39,0.001
20110224,0.04,0.73,-0.36,0.001
20110225,1.22,1,0.24,0.001
20110228,0.42,-0.46,0.28,0.001
20110301,-1.58,-0.33,-0.05,0
20110302,0.28,0.3,-0.25,0
20110303,1.76,0.43,-0.05,0
20110304,-0.67,0.27,-0.53,0
20110307,-0.96,-0.74,0.09,0
20110308,0.97,0.48,0.63,0
20110309,-0.18,-0.26,0.32,0
20110310,-1.93,-0.75,-0.3,0
20110311,0.69,-0.32,0.13,0
20110314,-0.59,0.11,-0.39,0
20110315,-1.05,0.28,-0.14,0
20110316,-1.77,0.63,-0.11,0
20110317,1.12,-0.81,0.57,0
20110318,0.49,0.62,0.09,0
20110321,1.58,0.93,-0.17,0
20110322,-0.34,-0.08,-0.05,0
20110323,0.31,0.16,-0.47,0
20110324,0.96,-0.11,-0.4,0
20110325,0.41,0.41,-0.02,0
20110328,-0.35,0.04,-0.26,0
20110329,0.73,0.25,-0.23,0
20110330,0.79,0.43,0.07,0
20110331,-0.11,0.59,-0.28,0
20110401,0.52,-0.12,0.21,0
20110404,0.09,0.27,-0.15,0
20110405,0.08,0.5,-0.26,0
20110406,0.21,-0.15,0.57,0
20110407,-0.2,-0.21,-0.2,0
20110408,-0.47,-0.57,-0.25,0
20110411,-0.39,-0.62,-0.08,0
20110412,-0.85,-0.67,0.06,0
20110413,0.11,0.13,-0.69,0
20110414,0,0.3,-0.23,0
20110415,0.44,0.56,-0.08,0
20110418,-1.15,-0.39,-0.28,0
20110419,0.51,-0.33,-0.26,0
20110420,1.46,0.57,-0.51,0
20110421,0.56,0.3,-0.06,0
20110425,-0.15,-0.04,-0.05,0
20110426,0.89,0.15,-0.04,0
20110427,0.66,-0.09,-0.25,0
20110428,0.32,-0.12,0.16,0
20110429,0.29,0.19,-0.03,0
20110502,-0.28,-0.92,-0.16,0
20110503,-0.5,-0.97,0.33,0
20110504,-0.74,-0.56,-0.07,0
20110505,-0.82,0.51,-0.34,0
20110506,0.46,0.01,-0.13,0
20110509,0.55,0.66,-0.48,0
20110510,0.86,0.65,0.28,0
20110511,-1.09,-0.63,-0.38,0
20110512,0.52,0.35,-0.4,0
20110513,-0.88,-0.48,-0.27,0
20110516,-0.77,-1.02,0.43,0
20110517,-0.11,-0.41,0.07,0
20110518,1.02,0.64,-0.29,0
20110519,0.22,-0.06,-0.07,0
20110520,-0.73,0.07,-0.15,0
20110523,-1.29,-0.51,0.02,0
20110524,-0.15,-0.28,-0.03,0
20110525,0.45,1.02,-0.34,0
20110526,0.52,0.67,-0.12,0
20110527,0.5,0.18,0.23,0
20110531,1.04,0.44,-0.04,0
20110601,-2.33,-0.76,-0.25,0
20110602,-0.1,-0.06,0.14,0
20110603,-1.1,-0.53,0.12,0
20110606,-1.18,-0.26,-0.26,0
20110607,-0.05,0.34,-0.14,0
20110608,-0.54,-0.72,0.07,0
20110609,0.75,-0.08,-0.03,0
20110610,-1.37,-0.22,0.38,0
20110613,0.01,-0.53,0.35,0
20110614,1.36,1.02,-0.36,0
20110615,-1.71,-0.02,-0.13,0
20110616,0.13,-0.12,0.53,0
20110617,0.25,-0.39,0.66,0
20110620,0.58,0.35,-0.05,0
20110621,1.52,0.95,-0.4,0
20110622,-0.62,-0.12,0.02,0
20110623,-0.14,0.63,-0.77,0
20110624,-1.11,0.43,0.11,0
20110627,0.89,0.05,-0.03,0
20110628,1.36,0.37,-0.46,0
20110629,0.77,-0.68,0.63,0
20110630,0.99,0.19,-0.28,0
20110701,1.46,-0.04,0.14,0
20110705,-0.07,0.24,-0.85,0
20110706,0.18,0.44,-0.58,0
20110707,1.1,0.46,0.16,0
20110708,-0.67,0.02,-0.42,0
20110711,-1.91,-0.12,-0.33,0
20110712,-0.45,0.04,0.41,0
20110713,0.45,0.57,-0.14,0
20110714,-0.81,-0.82,0.12,0
20110715,0.57,0.12,-0.5,0
20110718,-0.94,-0.56,-0.42,0
20110719,1.71,0.58,-0.65,0
20110720,-0.1,-0.32,0.79,0
20110721,1.29,-0.36,1.1,0
20110722,0.1,-0.09,-0.69,0
20110725,-0.68,-0.59,0.15,0
20110726,-0.47,-0.35,0.32,0
20110727,-2.15,-0.77,0.4,0
20110728,-0.31,0.12,0.01,0
20110729,-0.57,0.27,0.07,0
20110801,-0.4,-0.15,0.15,0
20110802,-2.68,-0.43,0.18,0
20110803,0.59,0.23,-0.38,0
20110804,-5.03,-0.79,0.37,0
20110805,-0.36,-1.2,-0.62,0
20110808,-6.96,-1.37,-1.63,0
20110809,4.97,0.91,0.73,0
20110810,-4.3,-0.5,-1.61,0
20110811,4.72,0.24,0.8,0
20110812,0.54,-0.23,-1.51,0
20110815,2.25,0.45,1.02,0
20110816,-1.07,-0.8,-0.15,0
20110817,-0.01,-0.32,0.65,0
20110818,-4.64,-0.97,0.54,0
20110819,-1.54,0.14,-0.36,0
20110822,-0.03,0.17,-0.9,0
20110823,3.6,1.24,-0.79,0
20110824,1.35,-0.19,1,0
20110825,-1.67,-1,0.49,0
20110826,1.74,0.85,-1,0
20110829,3.11,1.52,0.93,0
20110830,0.32,0.31,-0.78,0
20110831,0.42,-0.81,0.48,0
20110901,-1.33,-1.06,-0.78,0
20110902,-2.64,-0.75,-0.75,0
20110906,-0.72,0.5,-0.65,0
20110907,3.06,0.88,1.03,0
20110908,-1.18,-0.73,-0.61,0
20110909,-2.65,-0.17,-0.04,0
20110912,0.68,0.01,0.37,0
20110913,1.12,0.77,-0.38,0
20110914,1.45,0.4,-0.38,0
20110915,1.64,-0.57,0.58,0
20110916,0.47,-0.35,-0.33,0
20110919,-0.99,-0.49,-1.25,0
20110920,-0.45,-1.46,0.2,0
20110921,-2.92,-0.31,-1.24,0
20110922,-3.29,0.15,0.45,0
20110923,0.74,0.65,-0.02,0
20110926,2.28,-0.66,1.28,0
20110927,1.23,1.06,-0.63,0
20110928,-2.29,-1.64,-0.24,0
20110929,0.77,0.55,2.11,0
20110930,-2.5,-0.08,-0.21,0
20111003,-3.18,-1.91,-0.58,0
20111004,2.68,3.57,0.44,0
20111005,1.92,-0.2,-0.45,0
20111006,1.94,0.17,0.6,0
20111007,-0.97,-1.23,-1.48,0
20111010,3.44,0.44,0.62,0
20111011,0.15,0.65,-0.12,0
20111012,1.07,0.43,0.94,0
20111013,-0.21,0.29,-1.26,0
20111014,1.72,0.15,-0.33,0
20111017,-2.06,-1.24,-0.5,0
20111018,2.11,0.58,1.67,0
20111019,-1.38,-0.76,0.32,0
20111020,0.43,-0.32,0.75,0
20111021,1.92,0.14,0.08,0
20111024,1.58,1.72,-0.35,0
20111025,-2.13,-0.87,-0.32,0
20111026,1.12,0.64,0.76,0
20111027,3.54,1.38,0.91,0
20111028,-0.02,-0.53,-0.54,0
20111031,-2.5,0.07,-0.87,0
20111101,-2.86,-0.48,-1.13,0
20111102,1.73,0.71,0.95,0
20111103,1.97,0.57,-0.14,0
20111104,-0.53,0.01,-0.62,0
20111107,0.48,-0.69,0.39,0
20111108,1.22,-0.02,0.51,0
20111109,-3.78,-0.76,-0.69,0
20111110,0.83,0.04,0.54,0
20111111,1.98,0.46,-0.18,0
20111114,-0.92,-0.43,-0.87,0
20111115,0.56,0.88,-0.25,0
20111116,-1.64,-0.14,-0.16,0
20111117,-1.65,0.23,0.15,0
20111118,-0.08,0.02,0.89,0
20111121,-1.86,-0.49,-0.04,0
20111122,-0.42,-0.29,-0.55,0
20111123,-2.28,-0.69,-0.28,0
20111125,-0.34,-1.02,0.5,0
20111128,3.11,1.58,-0.62,0
20111129,0.18,-0.51,0.11,0
20111130,4.44,1.06,1.13,0
20111201,-0.22,-0.49,-0.65,0
20111202,0.05,0.44,0.64,0
20111205,1.1,0.29,0.25,0
20111206,0.05,-0.07,0.05,0
20111207,0.16,-0.31,0.75,0
20111208,-2.23,-0.74,-1.02,0
20111209,1.83,1.31,0.14,0
20111212,-1.48,0.07,-0.49,0
20111213,-1.05,-0.99,0.08,0
20111214,-1.21,-0.28,0.91,0
20111215,0.4,0.65,0.14,0
20111216,0.46,0.23,-0.05,0
20111219,-1.3,-0.4,-0.72,0
20111220,3.1,0.76,0.34,0
20111221,0.2,-0.01,1.27,0
20111222,0.83,-0.21,0.63,0
20111223,0.84,-0.61,-0.12,0
20111227,0.04,0.5,-0.55,0
20111228,-1.34,-0.7,-0.07,0
20111229,1.1,0.19,0.29,0
20111230,-0.41,-0.06,-0.2,0
20120103,1.5,-0.2,0.9,0
20120104,0,-0.65,0.01,0
20120105,0.39,0.18,0.18,0
20120106,-0.19,0.03,-0.3,0
20120109,0.28,0.24,-0.07,0
20120110,0.97,0.36,0.39,0
20120111,0.13,0.16,0.31,0
20120112,0.31,0.27,0.03,0
20120113,-0.52,-0.24,-0.43,0
20120117,0.36,-0.09,-0.75,0
20120118,1.22,0.55,0.19,0
20120119,0.51,-0.13,-0.22,0
20120120,0.03,0.25,0.64,0
20120123,0.02,-0.29,0.17,0
20120124,0,0.81,-0.31,0
20120125,0.91,0.12,-0.77,0
20120126,-0.6,0.23,-0.45,0
20120127,0.01,0.8,-0.13,0
20120130,-0.31,-0.44,-0.29,0
20120131,-0.06,-0.04,0.03,0
20120201,1.1,1.07,0.36,0
20120202,0.17,0.39,0.03,0
20120203,1.58,0.57,0.38,0
20120206,-0.05,-0.24,-0.23,0
20120207,0.16,-0.26,-0.08,0
20120208,0.25,-0.14,0.46,0
20120209,0.15,-0.38,-0.31,0
20120210,-0.75,-0.61,-0.06,0
20120213,0.75,0.6,-0.09,0
20120214,-0.09,-0.38,-0.35,0
20120215,-0.5,-0.29,0.1,0
20120216,1.27,0.68,0.34,0
20120217,0.16,-0.33,0.5,0
20120221,-0.05,-0.66,0.28,0
20120222,-0.39,-0.36,-0.63,0
20120223,0.57,0.94,-0.02,0
20120224,0.15,-0.44,-0.64,0
20120227,0.14,-0.23,0.36,0
20120228,0.28,-0.61,-0.13,0
20120229,-0.55,-1.02,0.15,0
20120301,0.64,-0.24,0.06,0
20120302,-0.46,-1.24,-0.06,0
20120305,-0.4,0.46,0.29,0
20120306,-1.62,-0.3,-0.35,0
20120307,0.8,0.3,0.3,0
20120308,1.07,0.34,-0.24,0
20120309,0.49,0.9,0.18,0
20120312,-0.07,-0.2,-0.04,0
20120313,1.86,0.07,0.96,0
20120314,-0.23,-0.63,-0.19,0
20120315,0.67,0.26,0.52,0
20120316,0.06,-0.28,0.39,0
20120319,0.41,0.52,-0.04,0
20120320,-0.39,-0.64,0.3,0
20120321,-0.1,0.3,-0.41,0
20120322,-0.74,-0.12,-0.46,0
20120323,0.39,0.56,0.37,0
20120326,1.45,0.47,-0.22,0
20120327,-0.3,-0.34,-0.33,0
20120328,-0.52,-0.03,0.49,0
20120329,-0.17,-0.02,-0.26,0
20120330,0.28,-0.69,-0.04,0
20120402,0.78,0.36,0.06,0
20120403,-0.34,-0.28,-0.28,0
20120404,-1.11,-0.56,-0.04,0
20120405,-0.03,-0.09,-0.42,0
20120409,-1.21,-0.45,-0.09,0
20120410,-1.85,-0.4,0.08,0
20120411,0.85,0.75,0.28,0
20120412,1.44,0.04,0.3,0
20120413,-1.25,-0.14,-0.75,0
20120416,-0.09,0.16,0.8,0
20120417,1.55,0.06,-0.22,0
20120418,-0.42,-0.5,-0.45,0
20120419,-0.57,-0.01,0.24,0
20120420,0.11,0.53,-0.09,0
20120423,-0.95,-0.55,0.15,0
20120424,0.29,0.27,0.91,0
20120425,1.44,0.4,-0.98,0
20120426,0.75,-0.02,-0.03,0
20120427,0.35,0.71,-0.27,0
20120430,-0.48,-0.58,0,0
20120501,0.48,-0.84,0.39,0
20120502,-0.15,0.74,-0.66,0
20120503,-0.92,-0.62,0,0
20120504,-1.62,-0.25,0.19,0
20120507,0.05,0.15,0.44,0
20120508,-0.41,0.33,0.32,0
20120509,-0.63,0.15,-0.22,0
20120510,0.3,0.06,0.56,0
20120511,-0.29,0.26,-1.05,0
20120514,-1.14,-0.08,-0.17,0
20120515,-0.52,0.5,-0.18,0
20120516,-0.45,-0.16,-0.45,0
20120517,-1.64,-0.48,0.39,0
20120518,-0.8,-0.13,0.07,0
20120521,1.71,0.64,-1.1,0
20120522,0.01,-0.91,0.38,0
20120523,0.26,0.49,-0.24,0
20120524,0.16,-0.02,0.2,0
20120525,-0.15,0.23,-0.13,0
20120529,1.16,0.16,0,0
20120530,-1.47,-0.26,-0.33,0
20120531,-0.23,0.15,0.54,0
20120601,-2.6,-0.52,0.06,0
20120604,-0.05,0.14,-0.59,0
20120605,0.68,0.24,0.19,0
20120606,2.32,0.04,0.27,0
20120607,-0.1,-0.47,0.21,0
20120608,0.85,0.21,0.05,0
20120611,-1.41,-0.85,-0.1,0
20120612,1.16,0.11,0.1,0
20120613,-0.77,-0.49,0.26,0
20120614,1.04,0.19,0.33,0
20120615,1.07,0.09,-0.03,0
20120618,0.21,0.14,-0.87,0
20120619,1.09,0.68,0.28,0
20120620,-0.14,-0.11,0.16,0
20120621,-2.26,-0.19,0.17,0
20120622,0.79,0.64,0.17,0
20120625,-1.63,0.1,-0.27,0
20120626,0.52,-0.11,0.02,0
20120627,0.93,0.4,0.43,0
20120628,-0.24,0.19,0.33,0
20120629,2.55,0.35,-0.62,0
20120702,0.33,0.73,-0.06,0
20120703,0.76,0.64,0.08,0
20120705,-0.36,0.57,-0.83,0
20120706,-0.99,-0.38,0.38,0
20120709,-0.23,-0.23,-0.23,0
20120710,-0.84,-0.36,0.32,0
20120711,-0.09,-0.41,0.77,0
20120712,-0.5,0.24,-0.68,0
20120713,1.62,-0.4,0.57,0
20120716,-0.31,-0.36,-0.22,0
20120717,0.67,-0.57,0.27,0
20120718,0.71,0.25,-0.82,0
20120719,0.27,-0.38,-0.93,0
20120720,-1.06,-0.34,0.07,0
20120723,-1.02,-0.68,0.19,0
20120724,-0.99,-0.57,0.28,0
20120725,-0.01,0.27,-0.01,0
20120726,1.54,-0.9,0.34,0
20120727,1.96,0.56,0.07,0
20120730,-0.12,-0.41,0.23,0
20120731,-0.47,-0.05,0.18,0
20120801,-0.51,-1.58,0.36,0
20120802,-0.69,0.3,-0.35,0
20120803,1.99,0.52,0.49,0
20120806,0.34,0.6,0.01,0
20120807,0.64,0.32,0.08,0
20120808,0.09,-0.24,0.63,0
20120809,0.12,0.35,0.05,0
20120810,0.17,-0.35,-0.05,0
20120813,-0.14,-0.14,0.02,0
20120814,-0.03,-0.43,-0.04,0
20120815,0.28,0.73,-0.06,0
20120816,0.74,0.45,-0.14,0
20120817,0.27,0.62,0.11,0
20120820,-0.06,-0.47,0.56,0
20120821,-0.32,0.1,0.43,0
20120822,0,-0.43,-0.34,0
20120823,-0.78,0,-0.36,0
20120824,0.61,-0.26,-0.01,0
20120827,-0.06,0.13,-0.11,0
20120828,0.01,0.6,-0.12,0
20120829,0.15,0.26,0.08,0
20120830,-0.8,-0.44,-0.03,0
20120831,0.52,-0.1,-0.02,0
20120904,0.08,1,-0.2,0
20120905,-0.05,-0.1,0.37,0
20120906,2.07,-0.13,0.33,0
20120907,0.46,-0.04,0.74,0
20120910,-0.57,0.33,-0.07,0
20120911,0.28,0,0.52,0
20120912,0.27,0.15,0.28,0
20120913,1.56,-0.41,0.53,0
20120914,0.54,0.51,0.45,0
20120917,-0.42,-0.16,-0.71,0
20120918,-0.15,-0.01,-0.21,0
20120919,0.18,-0.15,0.04,0
20120920,-0.13,-0.43,-0.12,0
20120921,0.04,0.5,-0.02,0
20120924,-0.26,-0.19,0.36,0
20120925,-1.11,-0.31,-0.34,0
20120926,-0.57,-0.03,0.02,0
20120927,0.99,0.23,-0.14,0
20120928,-0.46,-0.3,-0.22,0
20121001,0.26,0.07,0.22,0
20121002,0.1,-0.14,0.23,0
20121003,0.36,-0.63,-0.05,0
20121004,0.76,-0.2,0.7,0
20121005,-0.03,-0.16,0.22,0
20121008,-0.36,-0.24,0.2,0
20121009,-1.05,-0.31,0.33,0
20121010,-0.58,0.42,0.29,0
20121011,0.11,0.24,0.62,0
20121012,-0.35,-0.29,-0.88,0
20121015,0.79,-0.16,0.13,0
20121016,1,-0.23,-0.21,0
20121017,0.49,0.14,1.05,0
20121018,-0.31,-0.6,0.26,0
20121019,-1.68,-0.41,0.46,0
20121022,0,-0.06,0.18,0
20121023,-1.29,0.99,-0.5,0
20121024,-0.28,-0.13,0.41,0
20121025,0.27,0.21,0.02,0
20121026,-0.07,-0.12,-0.45,0
20121031,0.14,0.48,0.36,0
20121101,1.19,0.16,0.14,0
20121102,-1.04,-0.57,0.26,0
20121105,0.28,0.44,-0.22,0
20121106,0.8,-0.07,0.54,0
20121107,-2.31,-0.02,-1.33,0
20121108,-1.24,-0.25,0.43,0
20121109,0.15,0.02,-0.11,0
20121112,0,-0.16,0.01,0
20121113,-0.4,-0.2,-0.28,0
20121114,-1.4,-0.35,-0.18,0
20121115,-0.24,-0.42,0.22,0
20121116,0.57,0.07,0.04,0
20121119,1.98,0.23,-0.06,0
20121120,0.11,-0.06,0.17,0
20121121,0.31,0.37,-0.15,0
20121123,1.28,-0.15,0.08,0
20121126,-0.15,0.56,-0.19,0
20121127,-0.43,0.46,-0.2,0
20121128,0.83,0.04,-0.3,0
20121129,0.54,0.69,0.02,0
20121130,0.02,-0.16,0.28,0
20121203,-0.46,0.29,0.25,0.001
20121204,-0.16,0.35,-0.03,0.001
20121205,0.17,-0.69,0.88,0.001
20121206,0.31,-0.16,-0.14,0.001
20121207,0.28,-0.41,0.29,0.001
20121210,0.11,0.44,-0.05,0.001
20121211,0.68,0.46,-0.07,0.001
20121212,-0.02,-0.71,0.51,0.001
20121213,-0.57,0.09,0.08,0.001
20121214,-0.34,0.28,0.25,0.001
20121217,1.16,-0.06,0.61,0.001
20121218,1.21,0.31,0.06,0.001
20121219,-0.6,0.6,0.25,0.001
20121220,0.53,-0.24,0.73,0.001
20121221,-0.88,0.48,-0.28,0.001
20121224,-0.24,-0.19,-0.03,0.001
20121226,-0.54,-0.19,0.33,0.001
20121227,-0.11,0,-0.13,0.001
20121228,-1,0.48,0.02,0.001
20121231,1.71,0.38,-0.11,0.001
20130102,2.62,0.13,0.41,0
20130103,-0.13,0.1,0.05,0
20130104,0.55,0.12,0.37,0
20130107,-0.31,-0.09,-0.36,0
20130108,-0.26,0.05,-0.01,0
20130109,0.35,0.28,-0.4,0
20130110,0.67,-0.65,0.51,0
20130111,0.01,0.1,-0.44,0
20130114,-0.07,0.04,-0.07,0
20130115,0.18,0.25,0.01,0
20130116,-0.06,-0.26,0.24,0
20130117,0.61,0.4,-0.11,0
20130118,0.28,0.04,-0.11,0
20130122,0.49,0.15,0.46,0
20130123,0.09,-0.32,-0.09,0
20130124,0.1,0.28,0.04,0
20130125,0.58,-0.14,-0.32,0
20130128,-0.14,0.41,0.16,0
20130129,0.36,-0.44,0.32,0
20130130,-0.38,-0.85,0.16,0
20130131,-0.07,0.69,0.16,0
20130201,0.99,0.07,0.24,0
20130204,-1.2,-0.13,-0.17,0
20130205,1.07,-0.08,0.15,0
20130206,0.15,0.3,0.14,0
20130207,-0.16,-0.05,0.03,0
20130208,0.58,0.02,-0.18,0
20130211,-0.08,-0.02,0.38,0
20130212,0.16,0.2,0.74,0
20130213,0.14,0.1,0.03,0
20130214,0.11,0.29,0.14,0
20130215,-0.11,0.03,-0.07,0
20130219,0.75,0.24,0.16,0
20130220,-1.36,-0.54,-0.61,0
20130221,-0.66,-0.29,-0.03,0
20130222,0.94,0.22,-0.04,0
20130225,-1.82,-0.19,-0.73,0
20130226,0.58,-0.17,0.05,0
20130227,1.29,-0.38,0.15,0
20130228,-0.06,0.1,-0.14,0
20130301,0.22,0.16,-0.3,0
20130304,0.47,-0.32,0.1,0
20130305,1.01,0.18,-0.16,0
20130306,0.18,0.04,0.47,0
20130307,0.27,0.18,0.43,0
20130308,0.53,0.38,-0.17,0
20130311,0.3,-0.33,0.26,0
20130312,-0.22,0.04,-0.17,0
20130313,0.2,0.18,0.1,0
20130314,0.58,0.36,0.41,0
20130315,-0.19,0.02,0.41,0
20130318,-0.5,0.15,-0.29,0
20130319,-0.23,-0.01,0.01,0
20130320,0.76,0.25,-0.01,0
20130321,-0.85,0.18,-0.27,0
20130322,0.63,-0.44,-0.25,0
20130325,-0.29,0.29,0.03,0
20130326,0.76,-0.38,-0.22,0
20130327,-0.02,0.14,-0.28,0
20130328,0.39,-0.27,-0.29,0
20130401,-0.57,-0.91,0.01,0
20130402,0.33,-0.89,-0.28,0
20130403,-1.16,-0.41,-0.12,0
20130404,0.42,0.19,0.26,0
20130405,-0.41,0.05,0.33,0
20130408,0.7,0.14,0.27,0
20130409,0.31,-0.41,0.17,0
20130410,1.28,0.65,-0.1,0
20130411,0.35,-0.23,-0.18,0
20130412,-0.28,-0.08,-0.45,0
20130415,-2.48,-1.42,-0.29,0
20130416,1.47,0.17,0.09,0
20130417,-1.46,-0.26,-0.52,0
20130418,-0.71,0.18,-0.02,0
20130419,0.97,0.08,0.11,0
20130422,0.45,-0.16,-0.12,0
20130423,1.11,0.47,0.61,0
20130424,0.06,0.34,1.16,0
20130425,0.49,0.17,-0.11,0
20130426,-0.2,-0.36,-0.23,0
20130429,0.67,0.09,-0.1,0
20130430,0.29,0.37,-0.01,0
20130501,-1.08,-1.39,-0.18,0
20130502,1.04,0.61,0.1,0
20130503,1.12,0.62,0.19,0
20130506,0.23,0.23,0.84,0
20130507,0.54,0.11,0.15,0
20130508,0.44,-0.24,0.15,0
20130509,-0.31,0.1,-0.25,0
20130510,0.54,0.43,-0.18,0
20130513,-0.02,-0.2,-0.03,0
20130514,1.1,0.15,0.25,0
20130515,0.51,-0.12,0.23,0
20130516,-0.51,0.14,-0.25,0
20130517,1.04,-0.01,0.33,0
20130520,-0.06,0.36,0.47,0
20130521,0.16,-0.13,-0.07,0
20130522,-0.92,-0.72,-0.14,0
20130523,-0.19,0.47,-0.09,0
20130524,-0.07,0.18,0.09,0
20130528,0.77,0.63,0.22,0
20130529,-0.7,-0.35,0.56,0
20130530,0.5,0.35,0.47,0
20130531,-1.32,0.51,-0.26,0
20130603,0.49,0.13,0.1,0
20130604,-0.55,-0.31,-0.18,0
20130605,-1.38,0.09,-0.28,0
20130606,0.89,0.19,0.2,0
20130607,1.3,-0.47,0.05,0
20130610,0.07,0.66,0.21,0
20130611,-1.04,0.01,-0.58,0
20130612,-0.82,0.01,-0.06,0
20130613,1.47,0.09,0.33,0
20130614,-0.59,-0.22,-0.56,0
20130617,0.73,-0.08,0.12,0
20130618,0.8,0.38,-0.05,0
20130619,-1.28,0.15,0.15,0
20130620,-2.45,0.02,0.39,0
20130621,0.14,0.21,-0.1,0
20130624,-1.19,0.09,-0.66,0
20130625,0.96,-0.02,0.83,0
20130626,0.92,-0.73,-0.17,0
20130627,0.77,0.81,0.37,0
20130628,-0.34,0.31,-0.12,0
20130701,0.72,0.78,-0.13,0
20130702,-0.1,0.01,0.07,0
20130703,0.12,0.19,-0.21,0
20130705,1.11,0.35,0.46,0
20130708,0.53,-0.18,0.05,0
20130709,0.75,0.04,0.3,0
20130710,0.06,0.36,-0.37,0
20130711,1.33,-0.09,-0.67,0
20130712,0.34,-0.02,0.21,0
20130715,0.2,0.49,0.34,0
20130716,-0.41,0.03,0.09,0
20130717,0.3,-0.02,0.19,0
20130718,0.55,0.01,0.95,0
20130719,0.09,-0.13,0.27,0
20130722,0.23,0.09,0.33,0
20130723,-0.15,0.1,0.31,0
20130724,-0.39,-0.28,-0.28,0
20130725,0.42,0.61,-0.4,0
20130726,0.02,-0.62,-0.28,0
20130729,-0.37,-0.31,-0.31,0
20130730,0.11,0.2,-0.5,0
20130731,0.1,0.13,0.15,0
20130801,1.4,0.06,0.08,0
20130802,0.2,-0.21,-0.33,0
20130805,-0.07,0.5,-0.17,0
20130806,-0.68,-0.33,-0.1,0
20130807,-0.42,-0.37,-0.02,0
20130808,0.47,0,0.04,0
20130809,-0.29,0.12,-0.19,0
20130812,-0.02,0.59,-0.22,0
20130813,0.2,-0.3,-0.05,0
20130814,-0.5,0.13,0.28,0
20130815,-1.47,-0.37,0.28,0
20130816,-0.26,0.05,0.13,0
20130819,-0.62,-0.19,-0.74,0
20130820,0.53,0.87,0.09,0
20130821,-0.59,-0.02,-0.43,0
20130822,0.93,0.51,0.07,0
20130823,0.38,-0.21,-0.16,0
20130826,-0.29,0.51,-0.48,0
20130827,-1.75,-0.72,-0.34,0
20130828,0.3,0.1,0.09,0
20130829,0.34,0.81,-0.44,0
20130830,-0.47,-1.15,-0.19,0
20130903,0.46,0.04,0.15,0
20130904,0.83,0.01,-0.18,0
20130905,0.19,0.15,0.4,0
20130906,0,0.03,0.03,0
20130909,1.09,0.46,-0.21,0
20130910,0.8,0.01,0.2,0
20130911,0.28,-0.23,0.03,0
20130912,-0.32,-0.23,-0.36,0
20130913,0.29,0.25,-0.05,0
20130916,0.49,-0.44,0.4,0
20130917,0.54,0.47,-0.12,0
20130918,1.1,-0.16,-0.47,0
20130919,-0.13,0.17,-0.62,0
20130920,-0.63,0.53,0.19,0
20130923,-0.45,0.45,-0.41,0
20130924,-0.13,0.53,0.02,0
20130925,-0.23,0.03,0.58,0
20130926,0.41,0.2,-0.73,0
20130927,-0.39,-0.03,-0.01,0
20130930,-0.49,0.52,0.01,0
20131001,0.9,0.41,-0.1,0
20131002,-0.1,-0.37,-0.07,0
20131003,-0.89,-0.18,0.18,0
20131004,0.75,-0.01,0.1,0
20131007,-0.95,-0.27,0,0
20131008,-1.35,-0.49,0.8,0
20131009,-0.05,-0.44,0.62,0
20131010,2.22,0.16,-0.04,0
20131011,0.71,0.79,-0.01,0
20131014,0.43,0.21,-0.1,0
20131015,-0.73,-0.2,0.03,0
20131016,1.37,-0.33,0.15,0
20131017,0.7,0.15,-0.06,0
20131018,0.72,0.29,0.12,0
20131021,-0.02,-0.11,0.01,0
20131022,0.51,-0.27,0.04,0
20131023,-0.51,0.15,-0.32,0
20131024,0.42,0.43,-0.3,0
20131025,0.33,-0.33,0.08,0
20131028,0.1,-0.07,0.05,0
20131029,0.54,-0.15,-0.06,0
20131030,-0.6,-0.78,0.5,0
20131031,-0.33,-0.08,-0.45,0
20131101,0.2,-0.67,0.22,0
20131104,0.47,0.77,-0.06,0
20131105,-0.23,-0.02,-0.24,0
20131106,0.27,-0.83,0.34,0
20131107,-1.46,-0.33,0.15,0
20131108,1.46,0.52,0.44,0
20131111,0.11,0,-0.14,0
20131112,-0.18,0.41,-0.7,0
20131113,0.9,0.11,-0.11,0
20131114,0.43,-0.58,0.3,0
20131115,0.44,0.09,-0.29,0
20131118,-0.5,-0.45,0.46,0
20131119,-0.27,-0.29,0.25,0
20131120,-0.33,0.28,0.02,0
20131121,0.96,0.78,-0.03,0
20131122,0.5,-0.04,0.07,0
20131125,-0.11,0.14,0.13,0
20131126,0.17,0.84,-0.41,0
20131127,0.3,0.34,-0.04,0
20131129,-0.03,0.29,-0.15,0
20131202,-0.32,-0.96,0.14,0
20131203,-0.34,-0.07,-0.09,0
20131204,-0.08,-0.22,0.29,0
20131205,-0.34,0.7,-0.64,0
20131206,1.02,-0.3,0.18,0
20131209,0.17,-0.42,0.02,0
20131210,-0.34,-0.57,0.23,0
20131211,-1.16,-0.33,0.07,0
20131212,-0.24,0.38,0.23,0
20131213,0.09,0.25,0.01,0
20131216,0.67,0.58,-0.13,0
20131217,-0.25,0.23,-0.08,0
20131218,1.55,-0.48,0.05,0
20131219,-0.1,-0.55,0.24,0
20131220,0.69,1.31,-0.3,0
20131223,0.62,0.49,-0.01,0
20131224,0.34,0.1,0.09,0
20131226,0.44,-0.31,-0.32,0
20131227,-0.05,-0.06,0.24,0
20131230,0,0.03,-0.3,0
20131231,0.43,-0.18,0.08,0
20140102,-0.88,-0.28,0.17,0
20140103,0.03,0.37,0.03,0
20140106,-0.34,-0.57,0.3,0
20140107,0.68,0.39,-0.38,0
20140108,0.04,-0.02,-0.1,0
20140109,0.02,0.2,-0.45,0
20140110,0.27,0.55,-0.81,0
20140113,-1.32,-0.08,0.1,0
20140114,1.15,0.15,-0.3,0
20140115,0.53,0.22,0.21,0
20140116,-0.07,0.32,-0.7,0
20140117,-0.39,0.02,0.03,0
20140121,0.3,0.47,0,0
20140122,0.15,0.3,0.22,0
20140123,-0.86,0.16,-0.52,0
20140124,-2.18,-0.38,0.18,0
20140127,-0.65,-0.84,0.39,0
20140128,0.73,0.18,0.03,0
20140129,-1.07,-0.39,0.23,0
20140130,1.22,0.29,-0.38,0
20140131,-0.66,-0.08,-0.32,0
20140203,-2.48,-0.86,0.29,0
20140204,0.77,-0.02,-0.05,0
20140205,-0.23,-0.62,0.2,0
20140206,1.22,-0.47,0.28,0
20140207,1.33,-0.17,-0.65,0
20140210,0.16,0.13,-0.47,0
20140211,1.1,-0.19,0.25,0
20140212,0.11,0.25,-0.05,0
20140213,0.72,0.71,-0.08,0
20140214,0.42,-0.37,0.37,0
20140218,0.27,0.97,-0.26,0
20140219,-0.74,-0.28,-0.44,0
20140220,0.71,0.57,-0.21,0
20140221,-0.09,0.34,-0.03,0
20140224,0.65,0.18,0.33,0
20140225,-0.1,0.14,-0.6,0
20140226,0.13,0.68,-0.08,0
20140227,0.54,0.14,0,0
20140228,0.15,-0.73,0.84,0
20140303,-0.7,0.1,0.14,0
20140304,1.67,1.11,-0.13,0
20140305,0.01,-0.26,0.28,0
20140306,0.16,-0.32,0.77,0
20140307,0.04,-0.12,0.52,0
20140310,-0.09,-0.1,0.08,0
20140311,-0.62,-0.53,-0.19,0
20140312,0.13,0.3,-0.17,0
20140313,-1.21,-0.12,0.22,0
20140314,-0.16,0.68,-0.1,0
20140317,0.9,-0.37,0.02,0
20140318,0.82,0.74,-0.39,0
20140319,-0.59,-0.17,0.62,0
20140320,0.52,-0.48,0.99,0
20140321,-0.37,-0.28,0.87,0
20140324,-0.64,-0.9,0.92,0
20140325,0.29,-0.35,0.14,0
20140326,-0.89,-1.17,0.26,0
20140327,-0.18,-0.1,-0.34,0
20140328,0.41,-0.44,0.55,0
20140331,0.96,1,-0.18,0
20140401,0.87,0.74,-0.37,0
20140402,0.3,0.03,0.15,0
20140403,-0.31,-0.9,0.81,0
20140404,-1.47,-1.13,0.7,0
20140407,-1.25,-0.3,-0.06,0
20140408,0.49,0.29,-0.22,0
20140409,1.21,0.33,-0.86,0
20140410,-2.24,-0.71,0.79,0
20140411,-1.07,-0.39,0.24,0
20140414,0.71,-0.51,0.2,0
20140415,0.6,-0.37,0.19,0
20140416,1.12,0.06,-0.37,0
20140417,0.23,0.36,0.23,0
20140421,0.38,0.2,-0.43,0
20140422,0.57,0.73,-0.35,0
20140423,-0.31,-0.64,0.91,0
20140424,0.08,-0.4,-0.16,0
20140425,-1.05,-0.97,0.56,0
20140428,0.12,-0.64,-0.58,0
20140429,0.57,-0.21,-0.13,0
20140430,0.35,0.23,-0.05,0
20140501,0.04,-0.15,-0.17,0
20140502,-0.08,0.21,0.41,0
20140505,0.13,-0.28,-0.55,0
20140506,-1.03,-0.56,0.14,0
20140507,0.45,-0.82,1.11,0
20140508,-0.26,-1.01,0.38,0
20140509,0.25,0.7,-0.36,0
20140512,1.2,1.41,-0.27,0
20140513,-0.05,-1.07,0.22,0
20140514,-0.61,-1.1,-0.46,0
20140515,-0.9,0.34,-0.28,0
20140516,0.36,0.27,-0.43,0
20140519,0.5,0.62,0.06,0
20140520,-0.78,-0.83,0.24,0
20140521,0.81,-0.28,0.1,0
20140522,0.36,0.64,-0.27,0
20140523,0.49,0.62,-0.22,0
20140527,0.69,0.69,-0.14,0
20140528,-0.12,-0.29,0.22,0
20140529,0.55,-0.19,-0.11,0
20140530,0.06,-0.66,0.26,0
20140602,0.06,-0.69,0.38,0
20140603,-0.05,-0.27,0.2,0
20140604,0.28,0.22,-0.07,0
20140605,0.77,1.3,-0.17,0
20140606,0.54,0.48,-0.02,0
20140609,0.22,1.04,-0.32,0
20140610,-0.03,-0.18,-0.03,0
20140611,-0.34,-0.13,-0.25,0
20140612,-0.69,0.11,0.16,0
20140613,0.31,-0.05,-0.18,0
20140616,0.13,0.47,-0.69,0
20140617,0.34,0.53,0.45,0
20140618,0.74,-0.28,-0.1,0
20140619,0.12,-0.15,-0.03,0
20140620,0.18,0.17,0.05,0
20140623,-0.02,-0.26,0.09,0
20140624,-0.72,-0.35,-0.25,0
20140625,0.53,0.35,0.15,0
20140626,-0.11,-0.09,0.01,0
20140627,0.25,0.49,-0.22,0
20140630,0.07,0.27,0.17,0
20140701,0.74,0.49,-0.38,0
20140702,-0.03,-0.45,-0.21,0
20140703,0.59,0.21,0.12,0
20140707,-0.62,-1.27,0.33,0
20140708,-0.82,-0.68,0.73,0
20140709,0.46,-0.38,-0.12,0
20140710,-0.49,-0.6,-0.02,0
20140711,0.12,-0.22,-0.36,0
20140714,0.46,0.01,-0.15,0
20140715,-0.32,-0.95,1,0
20140716,0.33,-0.61,0.35,0
20140717,-1.21,-0.39,0.18,0
20140718,1.12,0.51,-0.45,0
20140721,-0.25,-0.24,0.04,0
20140722,0.53,0.28,-0.33,0
20140723,0.19,0.17,-0.78,0
20140724,0.05,-0.31,0.03,0
20140725,-0.53,-0.4,0.16,0
20140728,-0.08,-0.47,0.27,0
20140729,-0.33,0.71,-0.66,0
20140730,0.12,0.46,-0.36,0
20140731,-2.03,-0.2,0.48,0
20140801,-0.32,-0.2,-0.04,0
20140804,0.74,0.01,-0.22,0
20140805,-0.84,0.79,-0.18,0
20140806,0.02,0.41,0.11,0
20140807,-0.52,-0.03,-0.15,0
20140808,1.13,-0.22,-0.17,0
20140811,0.4,0.59,-0.26,0
20140812,-0.23,-0.6,0.26,0
20140813,0.7,-0.09,-0.24,0
20140814,0.44,-0.24,0.01,0
20140815,0,-0.14,-0.14,0
20140818,0.93,0.6,-0.18,0
20140819,0.49,-0.13,-0.09,0
20140820,0.19,-0.66,0.29,0
20140821,0.28,-0.15,0.81,0
20140822,-0.1,0.32,-0.38,0
20140825,0.49,-0.23,0.01,0
20140826,0.19,0.72,-0.32,0
20140827,0,-0.22,0.15,0
20140828,-0.19,-0.43,0.08,0
20140829,0.39,0.27,0.09,0
20140902,0.05,0.47,-0.09,0
20140903,-0.14,-0.56,0.24,0
20140904,-0.18,-0.13,-0.17,0
20140905,0.45,-0.27,-0.02,0
20140908,-0.22,0.54,-0.46,0
20140909,-0.72,-0.44,0.02,0
20140910,0.45,0.23,-0.4,0
20140911,0.19,0.49,0.22,0
20140912,-0.55,-0.22,0.13,0
20140915,-0.28,-1.06,0.63,0
20140916,0.7,-0.4,-0.1,0
20140917,0.17,0.09,-0.24,0
20140918,0.5,0.03,0.01,0
20140919,-0.18,-0.97,0.03,0
20140922,-0.97,-0.56,0.1,0
20140923,-0.62,-0.29,-0.06,0
20140924,0.81,0.11,-0.93,0
20140925,-1.63,0.08,0.12,0
20140926,0.85,-0.02,-0.25,0
20140929,-0.22,0.18,-0.44,0
20140930,-0.4,-0.99,0.11,0
20141001,-1.39,-0.17,0.3,0
20141002,0.16,1.03,-0.39,0
20141003,1.09,-0.38,-0.45,0
20141006,-0.26,-0.78,0.36,0
20141007,-1.56,-0.14,0.15,0
20141008,1.7,0.03,-0.06,0
20141009,-2.17,-0.42,-0.4,0
20141010,-1.29,-0.17,0.51,0
20141013,-1.59,1.34,0.49,0
20141014,0.27,0.87,-0.12,0
20141015,-0.54,1.85,-1.33,0
20141016,0.22,1.05,0.24,0
20141017,1.13,-1.57,-0.1,0
20141020,0.94,0.2,-0.32,0
20141021,1.98,-0.43,0.07,0
20141022,-0.85,-0.57,0.17,0
20141023,1.29,0.53,-0.44,0
20141024,0.66,-0.47,-0.13,0
20141027,-0.17,0.12,-0.3,0
20141028,1.37,1.58,0.05,0
20141029,-0.17,-0.06,0.44,0
20141030,0.6,0.27,-0.52,0
20141031,1.23,0.28,0.2,0
20141103,-0.01,-0.27,-0.05,0
20141104,-0.35,0,-0.25,0
20141105,0.48,-0.57,0.85,0
20141106,0.49,0.11,-0.49,0
20141107,0.09,0.01,0.48,0
20141110,0.33,0.2,-0.5,0
20141111,0.1,0.03,-0.27,0
20141112,0.07,0.76,-0.27,0
20141113,-0.03,-0.9,-0.36,0
20141114,0.06,-0.16,0.18,0
20141117,-0.05,-0.98,0.23,0
20141118,0.51,0.03,-0.34,0
20141119,-0.21,-0.94,-0.05,0
20141120,0.31,0.89,0,0
20141121,0.48,-0.4,-0.05,0
20141124,0.4,0.96,-0.53,0
20141125,-0.09,0.04,-0.02,0
20141126,0.29,0.09,-0.49,0
20141128,-0.34,-0.89,-1.16,0
20141201,-0.9,-0.99,0.61,0
20141202,0.65,0.41,0.08,0
20141203,0.46,0.43,0.3,0
20141204,-0.17,-0.31,0.07,0
20141205,0.25,0.58,0.23,0
20141208,-0.82,-0.55,0.18,0
20141209,0.13,1.73,-0.12,0
20141210,-1.72,-0.63,-0.13,0
20141211,0.5,-0.09,-0.17,0
20141212,-1.55,0.51,-0.59,0
20141215,-0.68,-0.27,0.08,0
20141216,-0.8,0.61,0.6,0
20141217,2.15,0.86,-0.08,0
20141218,2.36,-0.86,-0.19,0
20141219,0.44,-0.24,0.24,0
20141222,0.37,0.2,-0.1,0
20141223,0.21,-0.3,1.11,0
20141224,0.06,0.36,-0.19,0
20141226,0.38,0.37,-0.3,0
20141229,0.13,0.16,0.58,0
20141230,-0.48,0.06,0.32,0
20141231,-0.93,0.5,-0.45,0
20150102,-0.12,-0.59,0.12,0
20150105,-1.84,0.33,-0.68,0
20150106,-1.03,-0.8,-0.29,0
20150107,1.19,0.2,-0.67,0
20150108,1.81,-0.12,-0.29,0
20150109,-0.85,0.01,-0.47,0
20150112,-0.78,0.4,-0.44,0
20150113,-0.19,0.28,0.01,0
20150114,-0.6,0.29,-0.5,0
20150115,-1.08,-1,0.61,0
20150116,1.36,0.47,-0.13,0
20150120,0.11,-0.66,-0.54,0
20150121,0.42,-0.97,0.59,0
20150122,1.58,0.45,0.42,0
20150123,-0.47,0.5,-0.76,0
20150126,0.42,0.59,-0.05,0
20150127,-1.22,0.65,0.2,0
20150128,-1.39,-0.06,-0.81,0
20150129,0.98,0.26,0.04,0
20150130,-1.31,-0.79,0.05,0
20150202,1.24,-0.46,1,0
20150203,1.49,0.15,0.5,0
20150204,-0.35,-0.08,-0.22,0
20150205,1.1,0.46,-0.07,0
20150206,-0.2,0.09,0.34,0
20150209,-0.46,-0.36,0.11,0
20150210,1.05,-0.3,-0.73,0
20150211,0.03,-0.08,-0.34,0
20150212,1,0.16,-0.05,0
20150213,0.47,0.17,-0.3,0
20150217,0.16,-0.04,-0.03,0
20150218,0.03,0.32,-0.83,0
20150219,-0.01,0.28,-0.38,0
20150220,0.61,-0.4,-0.27,0
20150223,-0.08,0.04,-0.37,0
20150224,0.32,-0.05,0.71,0
20150225,0.01,0.23,-0.48,0
20150226,-0.08,0.66,-0.5,0
20150227,-0.36,-0.22,0.22,0
20150302,0.62,0.23,-0.46,0
20150303,-0.43,-0.31,0.32,0
20150304,-0.41,0.12,-0.37,0
20150305,0.15,0.27,-0.43,0
20150306,-1.29,0.29,0.41,0
20150309,0.37,0.09,0,0
20150310,-1.63,0.44,-0.53,0
20150311,-0.03,0.54,0.51,0
20150312,1.28,0.4,0.46,0
20150313,-0.58,0.21,-0.02,0
20150316,1.24,-0.77,-0.38,0
20150317,-0.19,0.53,-0.01,0
20150318,1.09,-0.53,0.02,0
20150319,-0.36,0.89,-1.12,0
20150320,0.81,-0.16,0.56,0
20150323,-0.19,0.2,0.24,0
20150324,-0.51,0.61,-0.26,0
20150325,-1.56,-1.01,1.03,0
20150326,-0.22,0.12,-0.04,0
20150327,0.32,0.51,-0.72,0
20150330,1.24,0.01,0.01,0
20150331,-0.75,0.4,0.39,0
20150401,-0.38,0.35,0.42,0
20150402,0.35,-0.09,0.28,0
20150406,0.61,-0.29,-0.08,0
20150407,-0.22,-0.19,-0.19,0
20150408,0.37,0.56,-0.74,0
20150409,0.41,-0.7,-0.08,0
20150410,0.5,-0.08,-0.27,0
20150413,-0.38,0.51,0.24,0
20150414,0.1,-0.21,0.22,0
20150415,0.57,0.25,0.36,0
20150416,-0.08,-0.09,-0.2,0
20150417,-1.23,-0.47,0.18,0
20150420,0.95,0.17,-0.28,0
20150421,-0.1,0.18,-0.73,0
20150422,0.46,-0.37,0.18,0
20150423,0.29,0.28,-0.25,0
20150424,0.17,-0.49,-0.31,0
20150427,-0.54,-0.7,0.56,0
20150428,0.27,0.18,1.06,0
20150429,-0.39,-0.74,0.72,0
20150430,-1.11,-1.06,0.71,0
20150501,1.01,-0.3,-0.61,0
20150504,0.32,0.04,0.22,0
20150505,-1.19,-0.16,0.52,0
20150506,-0.31,0.64,-0.12,0
20150507,0.39,0.08,-0.37,0
20150508,1.21,-0.56,-0.11,0
20150511,-0.39,0.69,-0.05,0
20150512,-0.26,-0.01,0.14,0
20150513,0.01,-0.02,0.04,0
20150514,1.01,-0.09,-0.34,0
20150515,0.05,-0.25,-0.2,0
20150518,0.44,0.75,-0.11,0
20150519,-0.09,-0.12,0.23,0
20150520,-0.05,0.21,-0.1,0
20150521,0.23,-0.28,0.02,0
20150522,-0.22,-0.11,-0.13,0
20150526,-1.01,-0.02,-0.02,0
20150527,0.93,0.35,-0.32,0
20150528,-0.12,0.09,0.15,0
20150529,-0.58,0.01,0.05,0
20150601,0.17,-0.03,-0.23,0
20150602,-0.02,0.32,0.35,0
20150603,0.39,0.89,-0.26,0
20150604,-0.88,-0.1,0,0
20150605,0.06,0.82,0.09,0
20150608,-0.66,0.04,0.01,0
20150609,0.02,-0.31,0.37,0
20150610,1.19,0.15,0.21,0
20150611,0.21,-0.1,-0.1,0
20150612,-0.63,0.33,0.12,0
20150615,-0.45,0.12,-0.14,0
20150616,0.57,0.11,-0.01,0
20150617,0.16,-0.28,-0.66,0
20150618,0.99,0.22,-0.45,0
20150619,-0.43,0.56,-0.21,0
20150622,0.63,0.09,-0.06,0
20150623,0.13,0.25,0.29,0
20150624,-0.79,-0.12,0.13,0
20150625,-0.25,0.36,-0.21,0
20150626,-0.06,-0.22,0.41,0
20150629,-2.14,-0.45,0.17,0
20150630,0.33,0.32,-0.66,0
20150701,0.61,-0.76,-0.04,0
20150702,-0.11,-0.57,-0.1,0
20150706,-0.37,0.19,-0.56,0
20150707,0.53,-0.46,-0.28,0
20150708,-1.68,0,0.09,0
20150709,0.29,0.14,0.02,0
20150710,1.24,0.23,-0.52,0
20150713,1.14,-0.08,-0.43,0
20150714,0.48,0.17,0.1,0
20150715,-0.18,-0.79,-0.06,0
20150716,0.77,-0.16,-0.64,0
20150717,0.05,-0.59,-0.66,0
20150720,-0.01,-0.71,-0.61,0
20150721,-0.46,0.01,0.3,0
20150722,-0.17,0.19,0.23,0
20150723,-0.58,-0.39,-0.31,0
20150724,-1.09,-0.62,0.04,0
20150727,-0.74,-0.25,0.05,0
20150728,1.23,-0.37,-0.14,0
20150729,0.75,-0.39,0.53,0
20150730,0.11,0.15,-0.27,0
20150731,-0.15,0.85,-1.01,0
20150803,-0.34,-0.33,-0.2,0
20150804,-0.14,0.03,-0.13,0
20150805,0.36,-0.02,-0.41,0
20150806,-0.88,-0.53,1.93,0
20150807,-0.36,-0.48,-0.3,0
20150810,1.31,0.14,0.7,0
20150811,-0.98,-0.09,0.42,0
20150812,0.07,-0.1,-0.32,0
20150813,-0.14,-0.47,0.08,0
20150814,0.43,0.15,0.44,0
20150817,0.6,0.44,-0.86,0
20150818,-0.35,-0.63,0.37,0
20150819,-0.85,-0.12,-0.22,0
20150820,-2.24,-0.27,0.55,0
20150821,-2.95,1.86,0.14,0
20150824,-3.91,0.34,-0.43,0
20150825,-1.16,0.71,-0.6,0
20150826,3.68,-1.36,-0.33,0
20150827,2.4,-0.72,0.61,0
20150828,0.23,0.99,0.08,0
20150831,-0.74,0.77,1.42,0
20150901,-2.91,0.31,-0.5,0
20150902,1.82,-0.14,-0.92,0
20150903,0.17,-0.34,0.75,0
20150904,-1.39,0.91,-0.57,0
20150908,2.52,-0.34,-0.58,0
20150909,-1.34,0.15,0.15,0
20150910,0.49,-0.11,-0.36,0
20150911,0.44,-0.19,-0.69,0
20150914,-0.41,0.02,0.04,0
20150915,1.22,-0.2,0.27,0
20150916,0.85,0.01,0.43,0
20150917,-0.17,0.92,-1.49,0
20150918,-1.62,0.5,-0.96,0
20150921,0.36,-0.96,1.24,0
20150922,-1.29,-0.28,0.13,0
20150923,-0.27,-0.17,-0.15,0
20150924,-0.36,0.27,0.52,0
20150925,-0.22,-1.68,1.87,0
20150928,-2.63,-0.31,1.16,0
20150929,-0.06,-0.74,0.7,0
20150930,1.88,-0.43,-0.44,0
20151001,0.13,-0.45,-0.06,0
20151002,1.48,0.32,-0.84,0
20151005,1.93,0.62,0.77,0
20151006,-0.43,-0.24,1.64,0
20151007,0.94,0.77,-0.24,0
20151008,0.85,0.23,0.74,0
20151009,0.12,0.22,-1.08,0
20151012,0.06,-0.39,-0.08,0
20151013,-0.73,-0.74,0.66,0
20151014,-0.6,-0.29,-0.07,0
20151015,1.56,0.67,-0.09,0
20151016,0.36,-0.46,-0.32,0
20151019,0,0.16,-0.68,0
20151020,-0.15,0.01,1.22,0
20151021,-0.74,-0.88,-0.2,0
20151022,1.5,-0.79,0.32,0
20151023,1.09,-0.01,-0.57,0
20151026,-0.2,-0.34,-0.72,0
20151027,-0.42,-0.87,-0.93,0
20151028,1.43,1.42,0.68,0
20151029,-0.2,-0.81,-0.06,0
20151030,-0.42,0.2,-0.57,0
20151102,1.25,0.85,-0.02,0
20151103,0.33,0.4,0.24,0
20151104,-0.25,0.33,-0.32,0
20151105,-0.07,0.02,0.49,0
20151106,0.14,0.87,0.33,0
20151109,-0.95,-0.24,-0.04,0
20151110,0.13,0,0.22,0
20151111,-0.43,-0.5,-0.18,0
20151112,-1.45,-0.52,-0.41,0
20151113,-1.06,0.32,0.36,0
20151116,1.39,-0.6,0.48,0
20151117,-0.11,-0.12,-0.64,0
20151118,1.61,-0.02,-0.08,0
20151119,-0.13,-0.25,-0.17,0
20151120,0.36,0.43,-0.39,0
20151123,-0.01,0.65,-0.35,0
20151124,0.21,0.69,0.25,0
20151125,0.07,0.88,-0.55,0
20151127,0.09,0.24,-0.29,0
20151130,-0.48,0.12,0.67,0
20151201,0.97,-0.66,0.25,0
20151202,-1.01,0.25,-0.7,0
20151203,-1.5,-0.2,0.4,0
20151204,1.87,-1.02,-0.48,0
20151207,-0.83,-0.88,-0.68,0
20151208,-0.58,0.47,-1.2,0
20151209,-0.83,-0.35,0.39,0
20151210,0.3,0.11,-0.23,0
20151211,-2.02,-0.23,-0.06,0
20151214,0.29,-1.03,-0.17,0
20151215,1.1,0.05,0.79,0
20151216,1.47,0.02,-0.68,0
20151217,-1.46,0.4,-0.36,0
20151218,-1.69,0.75,-0.37,0
20151221,0.74,-0.18,-0.07,0
20151222,0.89,-0.07,0.51,0
20151223,1.29,0.12,0.57,0
20151224,-0.11,0.29,-0.02,0
20151228,-0.28,-0.47,-0.36,0
20151229,1.05,0.1,-0.28,0
20151230,-0.74,-0.18,-0.15,0
20151231,-0.92,-0.24,0.23,0
20160104,-1.59,-0.87,0.52,0
20160105,0.13,-0.18,0,0
20160106,-1.35,-0.13,0.01,0
20160107,-2.44,-0.3,0.08,0
20160108,-1.11,-0.49,-0.03,0
20160111,-0.06,-0.64,0.4,0
20160112,0.72,-0.42,-0.78,0
20160113,-2.66,-0.73,0.8,0
20160114,1.65,0.02,-0.41,0
20160115,-2.13,0.4,-0.22,0
20160119,-0.19,-1.34,-0.07,0
20160120,-0.94,1.87,-1.26,0
20160121,0.45,-0.52,-0.02,0
20160122,2.08,0.21,-0.19,0
20160125,-1.7,-0.39,-0.98,0
20160126,1.52,0.41,1.18,0
20160127,-1.11,-0.56,1.7,0
20160128,0.49,-0.47,1.26,0
20160129,2.57,0.48,0.42,0
20160201,-0.04,-0.19,-1,0.001
20160202,-2,-0.03,-0.36,0.001
20160203,0.46,-0.33,0.45,0.001
20160204,0.27,0.11,0.35,0.001
20160205,-2.06,-1.07,1.63,0.001
20160208,-1.51,-0.01,0.83,0.001
20160209,-0.08,-0.47,-0.29,0.001
20160210,0.01,-0.05,-0.55,0.001
20160211,-1.17,0.51,-1.47,0.001
20160212,1.98,-0.52,1.09,0.001
20160216,1.78,0.52,-0.52,0.001
20160217,1.74,-0.06,-0.65,0.001
20160218,-0.51,0,0.22,0.001
20160219,0.06,0.43,-0.58,0.001
20160222,1.43,-0.27,0.26,0.001
20160223,-1.21,0.47,-0.5,0.001
20160224,0.54,0.7,-0.29,0.001
20160225,1.1,-0.43,0.22,0.001
20160226,-0.02,0.8,0.29,0.001
20160229,-0.69,0.65,0.25,0.001
20160301,2.34,-0.66,0.39,0.001
20160302,0.54,0.52,0.68,0.001
20160303,0.5,0.46,0.65,0.001
20160304,0.37,0.29,0.28,0.001
20160307,0.21,1.2,0.55,0.001
20160308,-1.27,-1.17,-0.47,0.001
20160309,0.5,0.01,0.41,0.001
20160310,-0.1,-0.86,0.62,0.001
20160311,1.69,0.28,0.23,0.001
20160314,-0.13,-0.08,-0.9,0.001
20160315,-0.35,-1.49,0.69,0.001
20160316,0.63,0.11,-0.09,0.001
20160317,0.71,0.83,0.59,0.001
20160318,0.54,0.37,-0.14,0.001
20160321,0.1,-0.22,-0.33,0.001
20160322,-0.05,-0.01,-0.45,0.001
20160323,-0.85,-1.17,-0.16,0.001
20160324,0,0.48,-0.06,0.001
20160328,0.04,-0.03,0.16,0.001
20160329,1.07,1.8,-1.19,0.001
20160330,0.41,-0.3,0.16,0.001
20160331,-0.11,0.45,-0.49,0.001
20160401,0.64,-0.25,-0.63,0
20160404,-0.41,-0.2,-0.78,0
20160405,-0.94,-0.09,-0.38,0
20160406,1.14,0.22,-0.76,0
20160407,-1.23,-0.05,-0.38,0
20160408,0.29,0.02,0.68,0
20160411,-0.29,-0.13,0.95,0
20160412,0.99,-0.07,0.88,0
20160413,1.23,0.86,0.38,0
20160414,0.03,-0.26,0.14,0
20160415,-0.04,0.34,-0.34,0
20160418,0.65,0.11,-0.19,0
20160419,0.28,-0.37,1.48,0
20160420,0.15,-0.11,0.58,0
20160421,-0.48,0.1,-0.6,0
20160422,0.12,0.82,0.51,0
20160425,-0.24,-0.58,-0.18,0
20160426,0.29,0.66,0.81,0
20160427,0.21,0.05,0.7,0
20160428,-0.96,-0.13,-0.02,0
20160429,-0.5,-0.15,0.36,0
20160502,0.79,0.03,-0.38,0.001
20160503,-1.05,-0.66,-0.45,0.001
20160504,-0.66,-0.14,0.05,0.001
20160505,-0.08,-0.5,0.06,0.001
20160506,0.38,0.03,0.24,0.001
20160509,0.05,0.39,-1.46,0.001
20160510,1.26,-0.4,0.5,0.001
20160511,-0.89,-0.35,0.79,0.001
20160512,-0.11,-0.62,0.14,0.001
20160513,-0.82,0.39,-0.67,0.001
20160516,0.99,0.28,-0.23,0.001
20160517,-0.95,-0.8,0.61,0.001
20160518,0.1,0.13,0.89,0.001
20160519,-0.32,-0.35,-0.26,0.001
20160520,0.75,0.91,-0.26,0.001
20160523,-0.19,0.25,-0.32,0.001
20160524,1.43,0.71,-0.35,0.001
20160525,0.71,-0.21,0.56,0.001
20160526,-0.04,-0.08,-0.53,0.001
20160527,0.48,0.35,-0.17,0.001
20160531,-0.01,0.52,-0.37,0.001
20160601,0.2,0.65,-0.21,0.001
20160602,0.35,0.34,-0.58,0.001
20160603,-0.38,-0.16,-0.07,0.001
20160606,0.6,0.67,0.31,0.001
20160607,0.12,0.16,0.1,0.001
20160608,0.37,0.45,-0.09,0.001
20160609,-0.27,-0.4,-0.24,0.001
20160610,-1.05,-0.35,-0.18,0.001
20160613,-0.84,-0.35,0.12,0.001
20160614,-0.19,0.26,-0.72,0.001
20160615,-0.11,0.23,-0.03,0.001
20160616,0.24,-0.35,-0.44,0.001
20160617,-0.3,-0.11,0.95,0.001
20160620,0.71,0.62,0.01,0.001
20160621,0.21,-0.64,0.51,0.001
20160622,-0.2,-0.32,0.08,0.001
20160623,1.45,0.51,0.47,0.001
20160624,-3.69,0.17,-1.21,0.001
20160627,-2.06,-0.95,-0.72,0.001
20160628,1.76,-0.38,0.16,0.001
20160629,1.79,0.28,-0.04,0.001
20160630,1.42,0.35,0.42,0.001
20160701,0.24,0.52,-0.43,0.001
20160705,-0.84,-0.63,-1.38,0.001
20160706,0.62,0.17,-0.12,0.001
20160707,0.02,0.33,-0.18,0.001
20160708,1.59,0.91,0.33,0.001
20160711,0.43,0.6,0.28,0.001
20160712,0.75,0.62,0.98,0.001
20160713,-0.04,-0.51,0.48,0.001
20160714,0.51,-0.46,0.46,0.001
20160715,-0.05,0.31,0.01,0.001
20160718,0.24,-0.02,-0.14,0.001
20160719,-0.22,-0.64,0.04,0.001
20160720,0.48,0.44,-0.89,0.001
20160721,-0.38,-0.05,-0.04,0.001
20160722,0.48,0.26,-0.13,0.001
20160725,-0.27,-0.05,-0.23,0.001
20160726,0.13,0.58,0.54,0.001
20160727,-0.14,0.56,-0.43,0.001
20160728,0.19,-0.48,-0.33,0.001
20160729,0.17,-0.05,0.03,0.001
20160801,-0.16,0.2,-0.9,0.001
20160802,-0.7,-0.57,0.17,0.001
20160803,0.45,0.49,0.8,0.001
20160804,0.06,0.09,-0.38,0.001
20160805,0.93,0.39,1,0.001
20160808,-0.06,0.02,0.5,0.001
20160809,0.05,-0.03,-0.28,0.001
20160810,-0.29,-0.44,-0.18,0.001
20160811,0.54,0.14,0.03,0.001
20160812,-0.06,0.09,-0.17,0.001
20160815,0.38,0.75,0.39,0.001
20160816,-0.57,-0.27,0.58,0.001
20160817,0.12,-0.55,0.24,0.001
20160818,0.32,0.46,0.34,0.001
20160819,-0.11,0.1,-0.13,0.001
20160822,-0.02,0.25,-0.4,0.001
20160823,0.26,0.57,-0.01,0.001
20160824,-0.55,-0.48,0.37,0.001
20160825,-0.08,0.19,0.48,0.001
20160826,-0.15,0.14,-0.09,0.001
20160829,0.53,-0.08,0.34,0.001
20160830,-0.14,0.12,0.28,0.001
20160831,-0.24,-0.39,0.15,0.001
20160901,0.03,0.12,-0.51,0.001
20160902,0.53,0.4,0.36,0.001
20160906,0.27,0.09,-0.55,0.001
20160907,0.09,0.63,0.02,0.001
20160908,-0.18,-0.01,0.59,0.001
20160909,-2.46,-0.57,0.43,0.001
20160912,1.44,0.01,-0.45,0.001
20160913,-1.48,-0.25,-0.43,0.001
20160914,-0.08,0.12,-0.81,0.001
20160915,1.08,0.3,-0.32,0.001
20160916,-0.36,0.32,-0.44,0.001
20160919,0.05,0.43,0.15,0.001
20160920,-0.02,-0.24,-0.41,0.001
20160921,1.12,0.15,0.33,0.001
20160922,0.7,0.86,-0.06,0.001
20160923,-0.6,-0.1,-0.2,0.001
20160926,-0.88,-0.22,-0.36,0.001
20160927,0.64,-0.07,-0.49,0.001
20160928,0.56,0.2,1.1,0.001
20160929,-0.98,-0.4,0.5,0.001
20160930,0.88,0.38,0.35,0.001
20161003,-0.27,-0.02,-0.14,0.001
20161004,-0.45,0.03,0.14,0.001
20161005,0.58,0.29,0.8,0.001
20161006,-0.06,-0.25,0.28,0.001
20161007,-0.38,-0.51,0.2,0.001
20161010,0.52,0.56,0.05,0.001
20161011,-1.3,-0.59,0.43,0.001
20161012,0.06,-0.24,0.34,0.001
20161013,-0.41,-0.69,-0.63,0.001
20161014,0.01,-0.39,0.58,0.001
20161017,-0.29,-0.04,0.15,0.001
20161018,0.6,-0.18,0.05,0.001
20161019,0.24,0.05,0.93,0.001
20161020,-0.16,-0.03,-0.11,0.001
20161021,0.02,-0.14,-0.33,0.001
20161024,0.54,0.06,-0.19,0.001
20161025,-0.46,-0.59,0.24,0.001
20161026,-0.23,-0.84,0.71,0.001
20161027,-0.32,-0.96,0.56,0.001
20161028,-0.29,-0.1,0.09,0.001
20161031,0.02,0.07,0.09,0.001
20161101,-0.68,-0.39,0.23,0.001
20161102,-0.73,-0.64,0.26,0.001
20161103,-0.4,-0.45,1.05,0.001
20161104,-0.12,0.86,-0.42,0.001
20161107,2.24,0.18,-0.11,0.001
20161108,0.41,-0.09,-0.23,0.001
20161109,1.45,1.88,1.07,0.001
20161110,0.33,1.14,1.85,0.001
20161111,0.18,2.52,-0.03,0.001
20161114,0.2,0.64,1.41,0.001
20161115,0.8,-0.54,0.15,0.001
20161116,-0.12,0.3,-0.54,0.001
20161117,0.56,0.13,-0.15,0.001
20161118,-0.16,0.56,0.38,0.001
20161121,0.77,-0.26,0.05,0.001
20161122,0.31,0.56,0.53,0.001
20161123,0.16,0.5,0.19,0.001
20161125,0.4,-0.06,-0.29,0.001
20161128,-0.64,-0.76,0.08,0.001
20161129,0.12,-0.36,-0.05,0.001
20161130,-0.25,-0.38,2.2,0.001
20161201,-0.36,-0.64,2.03,0.001
20161202,0,0.04,-0.32,0.001
20161205,0.75,1.09,0.27,0.001
20161206,0.48,0.62,0.21,0.001
20161207,1.26,-0.6,0.48,0.001
20161208,0.36,1.16,0.6,0.001
20161209,0.46,-0.28,0.2,0.001
20161212,-0.3,-0.95,-0.14,0.001
20161213,0.6,-0.53,-0.25,0.001
20161214,-0.82,-0.38,-0.28,0.001
20161215,0.46,0.38,0.29,0.001
20161216,-0.22,0.07,-0.41,0.001
20161219,0.22,0.33,0.06,0.001
20161220,0.44,0.43,0.64,0.001
20161221,-0.24,-0.36,0.2,0.001
20161222,-0.3,-0.75,0.25,0.001
20161223,0.19,0.57,-0.5,0.001
20161227,0.27,0.22,0.13,0.001
20161228,-0.87,-0.27,0.08,0.001
20161229,-0.04,0.15,-0.33,0.001
20161230,-0.52,-0.11,0.21,0.001
20170103,0.83,-0.12,0.06,0.002
20170104,0.79,0.95,-0.15,0.002
20170105,-0.21,-0.88,-0.79,0.002
20170106,0.29,-0.66,-0.31,0.002
20170109,-0.37,-0.3,-1.03,0.002
20170110,0.16,0.89,0.43,0.002
20170111,0.31,-0.23,0.68,0.002
20170112,-0.3,-0.58,-0.86,0.002
20170113,0.29,0.61,-0.09,0.002
20170117,-0.49,-0.85,-0.64,0.002
20170118,0.24,0.18,0.23,0.002
20170119,-0.38,-0.5,-0.06,0.002
20170120,0.33,0.05,0.22,0.002
20170123,-0.29,-0.04,-0.33,0.002
20170124,0.82,0.71,0.81,0.002
20170125,0.84,0.17,0.43,0.002
20170126,-0.1,-0.62,0.4,0.002
20170127,-0.12,-0.01,-0.68,0.002
20170130,-0.68,-0.72,-0.46,0.002
20170131,0,0.87,-0.55,0.002
20170201,0.03,-0.08,0.04,0.002
20170202,-0.02,-0.24,-0.29,0.002
20170203,0.82,0.51,0.74,0.002
20170206,-0.27,-0.62,-0.17,0.002
20170207,-0.01,-0.3,-0.51,0.002
20170208,0.07,-0.24,-0.59,0.002
20170209,0.72,0.68,0.08,0.002
20170210,0.37,0.39,0.17,0.002
20170213,0.49,-0.32,0.34,0.002
20170214,0.45,-0.24,0.35,0.002
20170215,0.53,0.18,-0.42,0.002
20170216,-0.16,-0.22,0,0.002
20170217,0.2,0,-0.54,0.002
20170221,0.6,-0.01,0.13,0.002
20170222,-0.15,-0.37,0.1,0.002
20170223,-0.12,-0.66,0.24,0.002
20170224,0.15,0.03,-0.96,0.002
20170227,0.21,0.83,-0.34,0.002
20170228,-0.42,-1.37,0.14,0.002
20170301,1.47,0.42,0.77,0.001
20170302,-0.7,-0.52,-0.9,0.001
20170303,0.08,-0.22,0.14,0.001
20170306,-0.37,-0.35,-0.08,0.001
20170307,-0.35,-0.29,-0.07,0.001
20170308,-0.19,-0.12,-0.83,0.001
20170309,0.05,-0.47,-0.23,0.001
20170310,0.34,0.09,-0.48,0.001
20170313,0.13,0.32,-0.08,0.001
20170314,-0.36,-0.23,-0.01,0.001
20170315,0.86,0.71,-0.46,0.001
20170316,-0.07,0.46,0.23,0.001
20170317,-0.08,0.64,-0.34,0.001
20170320,-0.26,-0.11,-0.71,0.001
20170321,-1.49,-1.33,-0.71,0.001
20170322,0.16,-0.3,-0.57,0.001
20170323,-0.03,0.69,0.49,0.001
20170324,-0.05,0.13,-0.2,0.001
20170327,-0.06,0.54,-0.49,0.001
20170328,0.73,-0.15,0.72,0.001
20170329,0.18,0.38,-0.09,0.001
20170330,0.36,0.34,0.92,0.001
20170331,-0.16,0.58,-0.32,0.001
20170403,-0.28,-1.11,-0.08,0.003
20170404,0.05,-0.23,0.31,0.003
20170405,-0.44,-0.79,-0.3,0.003
20170406,0.31,0.66,0.48,0.003
20170407,-0.08,0.13,-0.26,0.003
20170410,0.08,0.1,0.07,0.003
20170411,-0.05,0.8,0.23,0.003
20170412,-0.49,-0.84,-0.54,0.003
20170413,-0.75,-0.25,-0.81,0.003
20170417,0.89,0.25,0.24,0.003
20170418,-0.25,0.37,-0.19,0.003
20170419,-0.08,0.59,-0.44,0.003
20170420,0.84,0.54,0.26,0.003
20170421,-0.28,0.11,-0.15,0.003
20170424,1.19,0.16,0.5,0.003
20170425,0.66,0.37,-0.07,0.003
20170426,0.04,0.71,0.32,0.003
20170427,0.05,-0.13,-0.97,0.003
20170428,-0.3,-0.7,-0.6,0.003
20170501,0.21,0.25,-0.11,0.003
20170502,0.03,-0.46,-0.23,0.003
20170503,-0.19,-0.55,0.23,0.003
20170504,0.02,-0.08,-0.34,0.003
20170505,0.46,0.07,0,0.003
20170508,-0.04,-0.24,0.25,0.003
20170509,-0.05,0.49,-0.8,0.003
20170510,0.2,0.19,0.03,0.003
20170511,-0.25,-0.39,-0.16,0.003
20170512,-0.18,-0.3,-0.61,0.003
20170515,0.53,0.26,0.2,0.003
20170516,-0.03,0.14,-0.09,0.003
20170517,-1.97,-0.86,-0.6,0.003
20170518,0.4,0.05,-0.38,0.003
20170519,0.7,-0.37,0.4,0.003
20170522,0.56,0.28,-0.3,0.003
20170523,0.18,-0.1,0.64,0.003
20170524,0.24,-0.13,-0.46,0.003
20170525,0.42,-0.28,-0.74,0.003
20170526,0.06,-0.03,0.1,0.003
20170530,-0.19,-0.5,-0.35,0.003
20170531,-0.02,0.04,-0.53,0.003
20170601,0.95,1,0.05,0.003
20170602,0.35,0.57,-0.76,0.003
20170605,-0.17,-0.46,-0.04,0.003
20170606,-0.28,0.09,-0.03,0.003
20170607,0.15,-0.17,-0.04,0.003
20170608,0.19,1.15,0.93,0.003
20170609,-0.12,0.04,2.44,0.003
20170612,-0.12,-0.25,0.34,0.003
20170613,0.55,0.09,-0.14,0.003
20170614,-0.18,-0.47,-0.52,0.003
20170615,-0.31,-0.24,-0.11,0.003
20170616,-0.04,-0.21,-0.19,0.003
20170619,0.86,0.1,-0.73,0.003
20170620,-0.73,-0.4,-0.48,0.003
20170621,-0.07,-0.06,-1.67,0.003
20170622,0.02,0.51,-0.41,0.003
20170623,0.24,0.83,-0.48,0.003
20170626,0.04,-0.03,0.7,0.003
20170627,-0.85,-0.39,1.34,0.003
20170628,1.02,0.75,0.21,0.003
20170629,-0.83,-0.13,1.37,0.003
20170630,0.14,-0.09,-0.3,0.003
20170703,0.23,0.36,1.21,0.004
20170705,0.12,-0.68,-0.58,0.004
20170706,-0.95,-0.5,0.12,0.004
20170707,0.69,0.41,-0.41,0.004
20170710,0.05,-0.44,-0.08,0.004
20170711,0,0.36,-0.55,0.004
20170712,0.72,0.12,-0.52,0.004
20170713,0.17,-0.08,0.39,0.004
20170714,0.42,-0.13,-0.52,0.004
20170717,0,0.21,0.1,0.004
20170718,0.04,-0.29,-0.3,0.004
20170719,0.59,0.52,0.03,0.004
20170720,-0.01,0.06,-0.05,0.004
20170721,-0.08,-0.41,-0.24,0.004
20170724,-0.03,0.1,-0.18,0.004
20170725,0.38,0.36,0.96,0.004
20170726,-0.06,-0.35,-0.76,0.004
20170727,-0.14,-0.63,0.44,0.004
20170728,-0.17,-0.03,0.27,0.004
20170731,-0.11,-0.35,0.46,0.004
20170801,0.24,-0.19,0.14,0.004
20170802,-0.08,-1.18,0.15,0.004
20170803,-0.21,-0.34,-0.33,0.004
20170804,0.25,0.32,0.4,0.004
20170807,0.16,-0.1,-0.58,0.004
20170808,-0.23,-0.07,0.23,0.004
20170809,-0.14,-0.78,-0.08,0.004
20170810,-1.49,-0.3,0.26,0.004
20170811,0.19,0.24,-0.87,0.004
20170814,1.04,0.29,0.12,0.004
20170815,-0.11,-0.86,-0.03,0.004
20170816,0.18,-0.13,-0.44,0.004
20170817,-1.6,-0.17,-0.17,0.004
20170818,-0.15,0.12,0.24,0.004
20170821,0.06,-0.24,-0.22,0.004
20170822,1.07,-0.02,-0.24,0.004
20170823,-0.32,0.09,0.42,0.004
20170824,-0.15,0.59,0.17,0.004
20170825,0.18,0.12,0.56,0.004
20170828,0.08,0.34,-0.74,0.004
20170829,0.1,0.13,-0.38,0.004
20170830,0.53,0,-0.32,0.004
20170831,0.62,0.49,-0.43,0.004
20170901,0.28,0.41,0.4,0.005
20170905,-0.8,0.07,-0.99,0.005
20170906,0.29,-0.06,0.12,0.005
20170907,-0.07,0.14,-0.91,0.005
20170908,-0.17,0.03,0.38,0.005
20170911,1.07,-0.11,0.64,0.005
20170912,0.42,0.24,0.72,0.005
20170913,0.1,0.27,0.32,0.005
20170914,-0.13,-0.03,-0.06,0.005
20170915,0.2,0.29,0.14,0.005
20170918,0.24,0.39,0.21,0.005
20170919,0.15,-0.29,0.4,0.005
20170920,0.15,0.22,0.49,0.005
20170921,-0.28,0.1,0.37,0.005
20170922,0.13,0.44,0.12,0.005
20170925,-0.26,0.32,0.59,0.005
20170926,0.06,0.4,0.17,0.005
20170927,0.63,1.39,0.23,0.005
20170928,0.13,0.18,-0.05,0.005
20170929,0.35,-0.14,-0.26,0.005
20171002,0.5,0.85,0.13,0.004
20171003,0.26,-0.04,-0.05,0.004
20171004,0.05,-0.27,-0.45,0.004
20171005,0.55,-0.33,0.39,0.004
20171006,-0.08,-0.07,-0.25,0.004
20171009,-0.23,-0.28,0,0.004
20171010,0.24,-0.01,0.43,0.004
20171011,0.16,-0.19,-0.19,0.004
20171012,-0.18,0.04,-0.52,0.004
20171013,0.04,-0.22,0.12,0.004
20171016,0.17,-0.27,0.36,0.004
20171017,0.01,-0.34,-0.32,0.004
20171018,0.14,0.3,0.23,0.004
20171019,0.02,-0.39,0.16,0.004
20171020,0.57,-0.09,0.27,0.004
20171023,-0.45,-0.44,0.17,0.004
20171024,0.2,-0.19,0.49,0.004
20171025,-0.5,0.02,0.15,0.004
20171026,0.2,0.04,0.29,0.004
20171027,0.82,-0.03,-0.98,0.004
20171030,-0.46,-0.81,-0.05,0.004
20171031,0.23,0.84,-0.25,0.004
20171101,0.05,-0.79,0.08,0.004
20171102,0.06,-0.01,0.51,0.004
20171103,0.31,-0.44,-0.72,0.004
20171106,0.06,0.23,0.19,0.004
20171107,-0.2,-1.36,-0.4,0.004
20171108,0.12,0.04,-0.6,0.004
20171109,-0.41,-0.04,0.22,0.004
20171110,0.01,0.07,-0.43,0.004
20171113,0.09,-0.3,0.09,0.004
20171114,-0.22,-0.12,0,0.004
20171115,-0.52,-0.04,0.23,0.004
20171116,1.01,0.86,-0.53,0.004
20171117,-0.14,0.74,0.27,0.004
20171120,0.21,0.56,0.03,0.004
20171121,0.68,0.41,-0.33,0.004
20171122,-0.05,0.11,-0.08,0.004
20171124,0.21,0.02,-0.43,0.004
20171127,-0.06,-0.37,0.01,0.004
20171128,1.06,0.39,0.86,0.004
20171129,0.02,0.07,1.48,0.004
20171130,0.83,-0.56,-0.52,0.004
20171201,-0.22,-0.36,0.38,0.004
20171204,-0.11,-0.34,1.22,0.004
20171205,-0.42,-0.46,-0.22,0.004
20171206,-0.09,-0.46,-0.53,0.004
20171207,0.42,0.26,-0.2,0.004
20171208,0.51,-0.46,-0.14,0.004
20171211,0.27,-0.43,-0.18,0.004
20171212,0.07,-0.52,0.5,0.004
20171213,0.03,0.72,-0.89,0.004
20171214,-0.47,-0.7,-0.22,0.004
20171215,0.92,0.68,0.04,0.004
20171218,0.66,0.75,0.27,0.004
20171219,-0.3,-0.36,-0.24,0.004
20171220,0.01,0.35,0.06,0.004
20171221,0.24,0.27,0.63,0.004
20171222,-0.07,-0.21,-0.21,0.004
20171226,-0.07,0.33,-0.07,0.004
20171227,0.05,-0.13,-0.2,0.004
20171228,0.22,0.12,0.05,0.004
20171229,-0.57,-0.31,0.01,0.004
20180102,0.85,0.35,-0.21,0.005
20180103,0.59,-0.39,-0.19,0.005
20180104,0.42,-0.26,0.24,0.005
20180105,0.66,-0.35,-0.25,0.005
20180108,0.19,-0.15,0.05,0.005
20180109,0.15,-0.35,-0.04,0.005
20180110,-0.07,0.06,0.57,0.005
20180111,0.87,1.14,0.3,0.005
20180112,0.66,-0.32,0.16,0.005
20180116,-0.49,-1.02,0.01,0.005
20180117,0.95,-0.03,-0.1,0.005
20180118,-0.18,-0.5,-0.25,0.005
20180119,0.57,0.94,-0.05,0.005
20180122,0.77,-0.34,-0.16,0.005
20180123,0.22,0.14,-0.36,0.005
20180124,-0.13,-0.84,0.44,0.005
20180125,0.07,0.14,-0.54,0.005
20180126,1.11,-0.6,-0.51,0.005
20180129,-0.62,-0.03,-0.28,0.005
20180130,-1.06,0.15,-0.21,0.005
20180131,-0.07,-0.74,0.11,0.005
20180201,0.03,0.08,0.53,0.006
20180202,-2.13,0.04,-0.29,0.006
20180205,-4.04,0.79,-0.59,0.006
20180206,1.67,-0.52,-0.19,0.006
20180207,-0.38,0.53,0.21,0.006
20180208,-3.68,0.81,0.52,0.006
20180209,1.37,-0.59,0.15,0.006
20180212,1.36,-0.46,-0.3,0.006
20180213,0.31,0.08,-0.24,0.006
20180214,1.52,0.26,0.48,0.006
20180215,1.22,-0.14,-0.63,0.006
20180216,0.03,0.35,0.15,0.006
20180220,-0.62,-0.36,-0.24,0.006
20180221,-0.44,0.79,0.23,0.006
20180222,0.01,0.05,-0.41,0.006
20180223,1.54,-0.38,-0.14,0.006
20180226,1.12,-0.5,-0.06,0.006
20180227,-1.25,-0.19,0.03,0.006
20180228,-1.11,-0.42,-0.31,0.006
20180301,-1.19,1,-0.03,0.006
20180302,0.7,1.18,-0.48,0.006
20180305,1.07,-0.39,0.22,0.006
20180306,0.36,0.69,0.13,0.006
20180307,0.05,0.78,-0.44,0.006
20180308,0.38,-0.49,-0.35,0.006
20180309,1.71,-0.25,0.27,0.006
20180312,-0.09,0.47,-0.08,0.006
20180313,-0.67,0.08,0.03,0.006
20180314,-0.53,0.23,-0.57,0.006
20180315,-0.17,-0.39,0.31,0.006
20180316,0.25,0.46,0.17,0.006
20180319,-1.37,0.35,0.41,0.006
20180320,0.14,-0.07,-0.36,0.006
20180321,-0.07,0.74,0.44,0.006
20180322,-2.54,0.51,-0.49,0.006
20180323,-2.1,0.22,-0.23,0.006
20180326,2.67,-0.68,0.03,0.006
20180327,-1.87,-0.21,0.37,0.006
20180328,-0.35,0.13,0.64,0.006
20180329,1.41,-0.31,-0.22,0.006
20180402,-2.3,-0.13,0.38,0.007
20180403,1.25,-0.04,0.18,0.007
20180404,1.17,0.33,-0.32,0.007
20180405,0.75,0.02,0.46,0.007
20180406,-2.19,0.4,-0.06,0.007
20180409,0.3,-0.15,-0.51,0.007
20180410,1.77,0.4,-0.12,0.007
20180411,-0.49,0.92,-0.3,0.007
20180412,0.85,-0.23,0.19,0.007
20180413,-0.37,0.03,-0.25,0.007
20180416,0.82,0.07,-0.02,0.007
20180417,1.09,0.16,-1.18,0.007
20180418,0.13,0.22,0.02,0.007
20180419,-0.49,-0.47,1.08,0.007
20180420,-0.81,0.06,0.58,0.007
20180423,-0.05,-0.08,0.19,0.007
20180424,-1.3,0.53,1.02,0.007
20180425,0.11,-0.34,0.06,0.007
20180426,0.95,-0.39,-0.85,0.007
20180427,0.01,-0.26,0.04,0.007
20180430,-0.81,0.03,-0.09,0.007
20180501,0.25,0.23,-0.53,0.006
20180502,-0.62,1.29,-0.35,0.006
20180503,-0.25,-0.52,-0.15,0.006
20180504,1.3,0.02,-0.2,0.006
20180507,0.41,0.42,-0.33,0.006
20180508,0.07,0.49,0.23,0.006
20180509,0.9,-0.22,0.25,0.006
20180510,0.85,-0.43,-0.04,0.006
20180511,0.19,0.12,-0.38,0.006
20180514,0.05,-0.36,0.11,0.006
20180515,-0.55,0.68,0.4,0.006
20180516,0.5,0.7,-0.25,0.006
20180517,0.01,0.9,0.29,0.006
20180518,-0.23,0.57,-0.62,0.006
20180521,0.72,-0.19,0.44,0.006
20180522,-0.42,-0.76,0.61,0.006
20180523,0.29,0.05,-0.69,0.006
20180524,-0.16,0.37,-0.35,0.006
20180525,-0.22,0.25,-0.39,0.006
20180529,-1.03,1.32,-1.03,0.006
20180530,1.31,0.04,0.37,0.006
20180531,-0.7,0.07,-0.43,0.006
20180601,1.06,-0.23,-0.1,0.006
20180604,0.48,0.17,-0.45,0.006
20180605,0.16,0.82,-0.44,0.006
20180606,0.86,-0.33,0.21,0.006
20180607,-0.14,-0.3,0.93,0.006
20180608,0.31,0.08,-0.4,0.006
20180611,0.12,0.18,-0.16,0.006
20180612,0.23,0.23,-0.63,0.006
20180613,-0.33,0.08,-0.2,0.006
20180614,0.28,0.32,-1.01,0.006
20180615,-0.07,0.04,-0.25,0.006
20180618,-0.09,0.72,0.08,0.006
20180619,-0.38,0.57,-0.14,0.006
20180620,0.23,0.73,-0.51,0.006
20180621,-0.73,-0.63,0.33,0.006
20180622,0.11,0,0.46,0.006
20180625,-1.48,-0.54,0.57,0.006
20180626,0.27,0.63,-0.24,0.006
20180627,-1.02,-0.99,0.36,0.006
20180628,0.58,-0.18,-0.51,0.006
20180629,0.06,-0.2,-0.24,0.006
20180702,0.36,0.44,-0.25,0.008
20180703,-0.44,0.81,-0.02,0.008
20180705,0.87,0.44,-0.43,0.008
20180706,0.88,0.05,-0.3,0.008
20180709,0.94,-0.41,0.86,0.008
20180710,0.21,-0.78,-0.16,0.008
20180711,-0.7,-0.02,-0.46,0.008
20180712,0.85,-0.34,-1.16,0.008
20180713,0.08,-0.13,-0.29,0.008
20180716,-0.16,-0.77,0.97,0.008
20180717,0.48,0.26,-0.74,0.008
20180718,0.27,-0.27,0.68,0.008
20180719,-0.34,0.96,-0.36,0.008
20180720,-0.1,-0.18,0.11,0.008
20180723,0.16,-0.3,0.54,0.008
20180724,0.22,-1.36,0.39,0.008
20180725,0.84,-0.43,-1.06,0.008
20180726,-0.21,0.64,0.58,0.008
20180727,-0.82,-1.38,1.06,0.008
20180730,-0.71,-0.22,1.59,0.008
20180731,0.51,0.84,-1.1,0.008
20180801,-0.13,0.06,-0.22,0.007
20180802,0.67,0.33,-0.65,0.007
20180803,0.31,-1.07,0.51,0.007
20180806,0.46,0.26,-0.33,0.007
20180807,0.29,0.03,-0.15,0.007
20180808,-0.04,-0.13,0.26,0.007
20180809,-0.05,0.37,-0.35,0.007
20180810,-0.6,0.4,-0.21,0.007
20180813,-0.46,-0.15,-0.29,0.007
20180814,0.69,0.3,0.22,0.007
20180815,-0.91,-0.53,-0.14,0.007
20180816,0.86,-0.07,0.26,0.007
20180817,0.3,0.09,0.01,0.007
20180820,0.25,0.12,0.14,0.007
20180821,0.33,0.9,0.14,0.007
20180822,0.05,0.37,-0.35,0.007
20180823,-0.19,-0.05,-0.33,0.007
20180824,0.63,-0.02,-0.58,0.007
20180827,0.74,-0.68,-0.16,0.007
20180828,-0.01,-0.11,-0.23,0.007
20180829,0.56,-0.05,-0.57,0.007
20180830,-0.41,0.29,-0.42,0.007
20180831,0.08,0.5,-0.38,0.007
20180904,-0.11,-0.37,0.01,0.008
20180905,-0.41,-0.18,0.67,0.008
20180906,-0.44,-0.34,-0.25,0.008
20180907,-0.18,0.11,-0.22,0.008
20180910,0.23,0.12,-0.36,0.008
20180911,0.37,-0.3,-0.24,0.008
20180912,0.03,-0.06,-0.23,0.008
20180913,0.45,-0.44,-0.39,0.008
20180914,0.12,0.27,0.26,0.008
20180917,-0.72,-0.46,0.86,0.008
20180918,0.57,0.05,-0.48,0.008
20180919,0.05,-0.67,1.28,0.008
20180920,0.77,0.31,-0.24,0.008
20180921,-0.13,-0.42,0.31,0.008
20180924,-0.31,0.05,-0.89,0.008
20180925,-0.05,0.28,-0.38,0.008
20180926,-0.4,-0.38,-0.62,0.008
20180927,0.27,-0.27,-0.54,0.008
20180928,-0.03,0.4,-0.19,0.008
20181001,0.16,-1.63,0.36,0.008
20181002,-0.21,-0.98,0.57,0.008
20181003,0.2,0.85,0.5,0.008
20181004,-0.93,-1.06,1.58,0.008
20181005,-0.64,-0.42,0.38,0.008
20181008,-0.18,-0.41,1.24,0.008
20181009,-0.18,-0.29,0.28,0.008
20181010,-3.33,0.29,1.09,0.008
20181011,-1.96,0.46,-0.92,0.008
20181012,1.39,-0.87,-1.75,0.008
20181015,-0.48,0.91,0.52,0.008
20181016,2.25,0.69,-1.45,0.008
20181017,-0.09,-0.67,0.23,0.008
20181018,-1.54,-0.54,0.42,0.008
20181019,-0.24,-1.33,0.7,0.008
20181022,-0.38,0.48,-1.26,0.008
20181023,-0.62,-0.09,-0.42,0.008
20181024,-3.33,-0.93,0.76,0.008
20181025,1.93,0.42,-0.6,0.008
20181026,-1.65,0.57,0.35,0.008
20181029,-0.76,-0.32,1.62,0.008
20181030,1.66,0.42,0.09,0.008
20181031,1.21,-0.65,-0.74,0.008
20181101,1.29,1.34,-1.12,0.008
20181102,-0.53,0.8,0.67,0.008
20181105,0.4,-1.02,1.57,0.008
20181106,0.57,-0.16,0.02,0.008
20181107,2.12,-0.33,-1.05,0.008
20181108,-0.28,-0.25,0.25,0.008
20181109,-1.04,-0.86,0.41,0.008
20181112,-2.06,0.02,0.84,0.008
20181113,-0.13,-0.11,0.16,0.008
20181114,-0.78,0.02,-0.27,0.008
20181115,1.18,0.35,-0.39,0.008
20181116,0.15,0.02,-0.06,0.008
20181119,-1.88,-0.74,2.32,0.008
20181120,-1.85,0.15,-0.54,0.008
20181121,0.51,0.99,-0.33,0.008
20181123,-0.55,0.84,-0.61,0.008
20181126,1.62,-0.66,-0.2,0.008
20181127,0.11,-1.08,0.25,0.008
20181128,2.42,0.44,-1.16,0.008
20181129,-0.22,-0.11,-0.09,0.008
20181130,0.79,-0.32,-0.44,0.008
20181203,1.13,-0.05,-0.79,0.01
20181204,-3.46,-0.96,-0.22,0.01
20181206,-0.16,0.13,-1.06,0.01
20181207,-2.36,0.2,1.33,0.01
20181210,0.1,-0.11,-1.64,0.01
20181211,-0.08,-0.05,-0.42,0.01
20181212,0.68,0.57,-0.17,0.01
20181213,-0.26,-1.51,-0.2,0.01
20181214,-1.89,-0.06,0.49,0.01
20181217,-2.13,-0.26,1.08,0.01
20181218,-0.03,0.02,-0.6,0.01
20181219,-1.58,-0.6,0.02,0.01
20181220,-1.62,-0.29,0.97,0.01
20181221,-2.17,-0.56,0.77,0.01
20181224,-2.55,1.01,-0.51,0.01
20181226,5.07,-0.06,-1,0.01
20181227,0.78,-0.67,-0.13,0.01
20181228,-0.03,0.77,0.25,0.01
20181231,0.9,-0.09,-0.45,0.01
20190102,0.22,0.58,1.14,0.01
20190103,-2.45,0.36,1.19,0.01
20190104,3.55,0.4,-0.69,0.01
20190107,0.94,1.01,-0.75,0.01
20190108,1.01,0.52,-0.63,0.01
20190109,0.52,0.46,0.11,0.01
20190110,0.4,0.03,-0.45,0.01
20190111,0,0.12,0.22,0.01
20190114,-0.6,-0.6,0.95,0.01
20190115,1.05,0,-0.9,0.01
20190116,0.28,0.04,0.92,0.01
20190117,0.78,0.11,-0.24,0.01
20190118,1.3,-0.37,0.12,0.01
20190122,-1.52,-0.39,0.3,0.01
20190123,0.16,-0.38,-0.15,0.01
20190124,0.23,0.44,0,0.01
20190125,0.9,0.46,-0.34,0.01
20190128,-0.8,-0.16,0.63,0.01
20190129,-0.2,-0.01,0.19,0.01
20190130,1.51,-0.15,-0.95,0.01
20190131,0.91,0.11,-1.11,0.01
20190201,0.13,-0.12,0.43,0.01
20190204,0.73,0.48,-0.47,0.01
20190205,0.43,-0.07,-0.61,0.01
20190206,-0.21,-0.01,0.06,0.01
20190207,-0.93,-0.13,0.38,0.01
20190208,0.1,0.05,-0.68,0.01
20190211,0.14,0.66,0.24,0.01
20190212,1.36,0.02,-0.16,0.01
20190213,0.28,0.06,0.07,0.01
20190214,-0.2,0.53,-0.59,0.01
20190215,1.13,0.25,0.49,0.01
20190219,0.19,0.29,0.31,0.01
20190220,0.19,0.21,0.56,0.01
20190221,-0.37,-0.06,-0.23,0.01
20190222,0.65,0.55,-1.47,0.01
20190225,0.15,-0.26,-0.18,0.01
20190226,-0.16,-0.63,-0.33,0.01
20190227,0.1,0.2,-0.12,0.01
20190228,-0.31,0.02,-0.27,0.01
20190301,0.72,0.29,-0.41,0.009
20190304,-0.52,-0.41,0.38,0.009
20190305,-0.18,-0.31,-0.22,0.009
20190306,-0.84,-1.26,0.05,0.009
20190307,-0.82,-0.06,-0.34,0.009
20190308,-0.22,0.06,-0.17,0.009
20190311,1.49,0.36,-0.53,0.009
20190312,0.25,-0.28,-0.07,0.009
20190313,0.68,-0.32,0.08,0.009
20190314,-0.1,-0.4,0.3,0.009
20190315,0.48,-0.25,-0.25,0.009
20190318,0.46,0.15,0.44,0.009
20190319,-0.09,-0.38,-0.92,0.009
20190320,-0.37,0.01,-1.06,0.009
20190321,1.1,0.3,-1.23,0.009
20190322,-2.17,-1.51,-0.08,0.009
20190325,-0.05,0.66,-0.26,0.009
20190326,0.76,0.17,0.46,0.009
20190327,-0.5,0.1,0.51,0.009
20190328,0.4,0.34,0.02,0.009
20190329,0.66,-0.23,-0.92,0.009
20190401,1.19,-0.31,1,0.01
20190402,-0.05,-0.13,-0.44,0.01
20190403,0.27,0.22,-0.39,0.01
20190404,0.19,0.2,0.94,0.01
20190405,0.53,0.53,-0.07,0.01
20190408,0.09,-0.29,0.1,0.01
20190409,-0.65,-0.56,-0.15,0.01
20190410,0.48,0.97,-0.11,0.01
20190411,0,-0.31,0.4,0.01
20190412,0.64,-0.51,0.66,0.01
20190415,-0.09,-0.21,-0.55,0.01
20190416,0.13,0.12,0.71,0.01
20190417,-0.32,-0.7,0.84,0.01
20190418,0.11,-0.25,-0.5,0.01
20190422,0.11,-0.46,-0.57,0.01
20190423,0.97,0.72,-0.5,0.01
20190424,-0.22,0.28,-0.08,0.01
20190425,-0.14,-0.75,-0.21,0.01
20190426,0.53,0.43,0.06,0.01
20190429,0.18,0.09,0.65,0.01
20190430,-0.04,-0.7,0.27,0.01
20190501,-0.83,-0.1,-0.02,0.009
20190502,-0.16,0.45,-0.28,0.009
20190503,1.13,0.93,-0.27,0.009
20190506,-0.39,0.6,-0.42,0.009
20190507,-1.69,-0.28,0.49,0.009
20190508,-0.21,-0.16,-0.31,0.009
20190509,-0.28,0.08,0.1,0.009
20190510,0.35,-0.37,0.07,0.009
20190513,-2.65,-0.73,0.28,0.009
20190514,0.91,0.41,-0.02,0.009
20190515,0.58,0.05,-0.96,0.009
20190516,0.91,-0.39,-0.33,0.009
20190517,-0.72,-0.8,0.28,0.009
20190520,-0.65,-0.23,0.73,0.009
20190521,0.9,0.43,-0.34,0.009
20190522,-0.4,-0.51,-0.62,0.009
20190523,-1.37,-0.69,-0.27,0.009
20190524,0.23,0.51,0.3,0.009
20190528,-0.78,0.29,-0.63,0.009
20190529,-0.71,-0.29,0.41,0.009
20190530,0.14,-0.27,-0.77,0.009
20190531,-1.37,-0.22,-0.11,0.009
20190603,-0.4,0.33,1.68,0.009
20190604,2.32,0.42,-0.03,0.009
20190605,0.7,-0.98,-0.97,0.009
20190606,0.55,-1.04,0.02,0.009
20190607,1.04,0.04,-1.19,0.009
20190610,0.54,-0.04,0.07,0.009
20190611,-0.12,-0.26,0.57,0.009
20190612,-0.2,0.42,-1,0.009
20190613,0.52,0.66,-0.04,0.009
20190614,-0.27,-0.78,0.31,0.009
20190617,0.15,0.64,-1.13,0.009
20190618,1.04,0.16,0.35,0.009
20190619,0.32,0.11,-0.6,0.009
20190620,0.89,-0.37,-0.22,0.009
20190621,-0.21,-0.47,-0.03,0.009
20190624,-0.35,-0.9,0.08,0.009
20190625,-0.98,0.34,0.72,0.009
20190626,-0.07,-0.05,0.27,0.009
20190627,0.59,1.42,-0.1,0.009
20190628,0.68,0.63,0.62,0.009
20190701,0.75,-0.53,-0.13,0.009
20190702,0.14,-0.81,-0.81,0.009
20190703,0.79,-0.04,-0.32,0.009
20190705,-0.1,0.16,0.91,0.009
20190708,-0.58,-0.45,0.06,0.009
20190709,0.19,-0.15,-0.43,0.009
20190710,0.4,-0.15,-0.36,0.009
20190711,0.19,-0.79,0.04,0.009
20190712,0.53,0.18,0.41,0.009
20190715,-0.05,-0.35,-1.06,0.009
20190716,-0.32,0.35,0.11,0.009
20190717,-0.64,-0.14,-0.65,0.009
20190718,0.35,-0.29,0.01,0.009
20190719,-0.57,0.16,0.86,0.009
20190722,0.25,-0.45,-0.48,0.009
20190723,0.64,-0.23,0.8,0.009
20190724,0.66,0.75,0.86,0.009
20190725,-0.63,-0.66,-0.11,0.009
20190726,0.82,0.39,-0.19,0.009
20190729,-0.32,-0.34,-0.46,0.009
20190730,-0.17,1.37,0.88,0.009
20190731,-1.1,0.12,0.62,0.009
20190801,-1.04,-0.42,-1.9,0.007
20190802,-0.87,-0.32,0.07,0.007
20190805,-3.07,-0.01,0.01,0.007
20190806,1.3,-0.41,-0.59,0.007
20190807,0.07,0.08,-0.9,0.007
20190808,1.97,0.03,-0.25,0.007
20190809,-0.78,-0.43,-0.22,0.007
20190812,-1.31,0.29,-0.26,0.007
20190813,1.47,-0.17,-0.53,0.007
20190814,-2.95,0.22,-0.51,0.007
20190815,0.17,-0.61,-0.52,0.007
20190816,1.55,0.53,0.61,0.007
20190819,1.14,0.02,0.21,0.007
20190820,-0.75,0.3,-0.49,0.007
20190821,0.85,0.05,-0.3,0.007
20190822,-0.1,-0.53,0.49,0.007
20190823,-2.66,-0.56,-0.18,0.007
20190826,1.08,-0.02,-0.18,0.007
20190827,-0.46,-0.88,-0.66,0.007
20190828,0.68,0.47,0.61,0.007
20190829,1.35,0.32,0.33,0.007
20190830,0.03,-0.38,0.23,0.007
20190903,-0.86,-0.96,0.12,0.009
20190904,1.08,-0.22,0.43,0.009
20190905,1.42,0.41,0.7,0.009
20190906,-0.02,-0.39,0.05,0.009
20190909,0.07,0.76,3.05,0.009
20190910,0.16,1.07,1.11,0.009
20190911,0.87,1.33,-0.05,0.009
20190912,0.22,-0.31,-0.12,0.009
20190913,-0.02,0.02,0.74,0.009
20190916,-0.23,0.91,0.53,0.009
20190917,0.17,-0.6,-1.19,0.009
20190918,-0.05,-0.75,0.06,0.009
20190919,-0.05,-0.43,-0.46,0.009
20190920,-0.48,0.29,0.15,0.009
20190923,-0.02,-0.17,0.5,0.009
20190924,-1,-0.73,0.01,0.009
20190925,0.69,0.36,0.52,0.009
20190926,-0.41,-0.96,0.13,0.009
20190927,-0.62,-0.33,0.88,0.009
20190930,0.5,-0.17,-0.48,0.009
20191001,-1.31,-0.47,-0.59,0.007
20191002,-1.73,0.89,-0.36,0.007
20191003,0.8,-0.23,-0.9,0.007
20191004,1.39,-0.48,-0.07,0.007
20191007,-0.41,0.16,-0.03,0.007
20191008,-1.61,-0.13,-0.13,0.007
20191009,0.92,-0.55,-0.09,0.007
20191010,0.6,-0.4,0.25,0.007
20191011,1.23,0.48,0.18,0.007
20191014,-0.18,-0.34,-0.03,0.007
20191015,1.03,0.25,-0.26,0.007
20191016,-0.24,0.4,0.22,0.007
20191017,0.37,0.8,-0.29,0.007
20191018,-0.49,-0.35,0.87,0.007
20191021,0.71,0.16,0.34,0.007
20191022,-0.34,0.23,0.84,0.007
20191023,0.25,-0.09,0.27,0.007
20191024,0.25,-0.26,-0.89,0.007
20191025,0.5,0.28,0.07,0.007
20191028,0.62,0.27,-0.25,0.007
20191029,-0.13,0.3,0.5,0.007
20191030,0.28,-0.37,-1.15,0.007
20191031,-0.38,-0.26,-0.43,0.007
20191101,1.07,0.49,0.82,0.006
20191104,0.39,0.03,1.35,0.006
20191105,-0.03,0.24,0.46,0.006
20191106,-0.05,-0.73,0.24,0.006
20191107,0.38,-0.14,0.5,0.006
20191108,0.31,0.07,-0.37,0.006
20191111,-0.19,0,-0.19,0.006
20191112,0.16,-0.11,-0.14,0.006
20191113,0.01,-0.23,-0.82,0.006
20191114,0.07,-0.12,-0.25,0.006
20191115,0.74,-0.25,-0.33,0.006
20191118,0.03,-0.35,-0.51,0.006
20191119,0.02,0.57,-0.94,0.006
20191120,-0.33,0.01,-0.44,0.006
20191121,-0.15,-0.34,0.1,0.006
20191122,0.24,0.06,0.22,0.006
20191125,0.92,1.31,-0.38,0.006
20191126,0.19,0.05,-0.89,0.006
20191127,0.44,0.23,-0.02,0.006
20191129,-0.42,-0.04,-0.31,0.006
20191202,-0.87,-0.25,0.48,0.007
20191203,-0.66,0.6,-0.83,0.007
20191204,0.6,0.14,0.25,0.007
20191205,0.13,-0.21,0.46,0.007
20191206,0.91,0.25,0.36,0.007
20191209,-0.33,0.34,0.12,0.007
20191210,-0.08,0.3,-0.09,0.007
20191211,0.28,-0.07,0.13,0.007
20191212,0.9,-0.13,1.13,0.007
20191213,-0.03,-0.27,-0.54,0.007
20191216,0.74,0.03,-0.05,0.007
20191217,0.1,0.42,0.66,0.007
20191218,-0.05,0.2,0.09,0.007
20191219,0.43,-0.02,-0.42,0.007
20191220,0.48,-0.3,-0.31,0.007
20191223,0.1,0.21,-0.34,0.007
20191224,0.01,0.39,-0.01,0.007
20191226,0.49,-0.54,0,0.007
20191227,-0.1,-0.53,-0.07,0.007
20191230,-0.57,0.19,0.56,0.007
20191231,0.28,-0.01,0.11,0.007
20200102,0.86,-0.88,-0.34,0.006
20200103,-0.67,0.38,0.01,0.006
20200106,0.36,-0.07,-0.55,0.006
20200107,-0.19,-0.01,-0.26,0.006
20200108,0.47,-0.07,-0.64,0.006
20200109,0.65,-0.63,-0.48,0.006
20200110,-0.34,-0.19,-0.34,0.006
20200113,0.73,-0.11,-0.09,0.006
20200114,-0.06,0.4,-0.18,0.006
20200115,0.16,0.46,-0.82,0.006
20200116,0.88,0.51,-0.11,0.006
20200117,0.28,-0.64,-0.12,0.006
20200121,-0.32,-0.52,-0.62,0.006
20200122,0.08,-0.27,0,0.006
20200123,0.08,-0.05,-0.14,0.006
20200124,-0.97,-0.44,-0.28,0.006
20200127,-1.56,0.37,-0.41,0.006
20200128,1.03,-0.13,-0.43,0.006
20200129,-0.11,-0.25,-0.97,0.006
20200130,0.34,-0.69,0.68,0.006
20200131,-1.74,-0.44,-0.35,0.006
20200203,0.84,0.62,-0.67,0.006
20200204,1.57,-0.03,-0.7,0.006
20200205,0.97,0.33,1.48,0.006
20200206,0.27,-0.46,-0.84,0.006
20200207,-0.55,-0.79,-0.02,0.006
20200210,0.73,-0.01,-0.9,0.006
20200211,0.28,0.05,1.04,0.006
20200212,0.66,0.16,-0.36,0.006
20200213,-0.09,0.2,0.01,0.006
20200214,0.14,-0.38,-0.66,0.006
20200218,-0.19,0.16,-0.64,0.006
20200219,0.6,0.18,0.03,0.006
20200220,-0.35,0.49,0.67,0.006
20200221,-1.12,-0.12,0.02,0.006
20200224,-3.39,0.16,0.01,0.006
20200225,-3.09,-0.11,-0.68,0.006
20200226,-0.52,-0.38,-1.2,0.006
20200227,-4.23,0.78,0.06,0.006
20200228,-0.79,0.3,-0.8,0.006
20200302,4.31,-1.69,-0.42,0.006
20200303,-2.8,0.8,-0.63,0.006
20200304,4.03,-1.09,-1.17,0.006
20200305,-3.38,0.24,-1.4,0.006
20200306,-1.78,0.05,-1.48,0.006
20200309,-7.79,-0.42,-4.75,0.006
20200310,4.75,-2.48,0.78,0.006
20200311,-5.06,-0.83,-0.81,0.006
20200312,-9.63,-0.45,-1.14,0.006
20200313,8.98,-2.69,2.94,0.006
20200316,-12.01,-0.21,-0.75,0.006
20200317,5.88,0.85,-0.67,0.006
20200318,-5.56,-3.54,-4.74,0.006
20200319,1.31,5.45,0.95,0.006
20200320,-4.15,0.35,-0.9,0.006
20200323,-2.56,2.22,-3.26,0.006
20200324,9.34,-1.28,2.38,0.006
20200325,1.17,-0.74,1.87,0.006
20200326,6.03,-0.71,1.09,0.006
20200327,-3.48,-0.86,-0.76,0.006
20200330,3.17,-0.3,-2.11,0.006
20200331,-1.44,1.82,-0.38,0.006
20200401,-4.5,-1.56,-1.31,0
20200402,2.1,-0.97,-0.28,0
20200403,-1.64,-1.09,-1.15,0
20200406,7.1,0.77,0.28,0
20200407,-0.11,-0.59,2.1,0
20200408,3.42,0.31,1.27,0
20200409,1.59,1.91,3.19,0
20200413,-0.92,-0.85,-2.4,0
20200414,3.03,-0.18,-3.15,0
20200415,-2.15,-1.23,-2.55,0
20200416,0.62,-0.21,-2.98,0
20200417,2.74,0.75,2.77,0
20200420,-1.57,0.78,-0.91,0
20200421,-3.09,0.94,0.16,0
20200422,2.31,-0.69,-1.66,0
20200423,0.12,1.11,0.55,0
20200424,1.44,0.28,-0.13,0
20200427,1.73,1.59,2.68,0
20200428,-0.45,0.98,2.86,0
20200429,2.92,1.89,1.98,0
20200430,-1.18,-1.41,-1.71,0
20200501,-2.91,-0.55,-0.96,0
20200504,0.54,0.21,-1.29,0
20200505,0.95,0.03,-2.01,0
20200506,-0.53,0.54,-2.72,0
20200507,1.33,-0.06,0.41,0
20200508,1.9,1.39,2.46,0
20200511,0.06,0.47,-3.79,0
20200512,-2.07,-0.84,-1.36,0
20200513,-1.89,-0.9,-2.08,0
20200514,1.15,-1.52,0.92,0
20200515,0.57,1.61,-1.15,0
20200518,3.24,1.58,4.61,0
20200519,-1.01,-0.55,-1.51,0
20200520,1.8,1.09,1.32,0
20200521,-0.71,0.62,0.42,0
20200522,0.27,0.46,-0.85,0
20200526,1.23,0.1,4.54,0
20200527,1.54,0.66,3.59,0
20200528,-0.41,-1.54,-2.41,0
20200529,0.6,-0.3,-1.98,0
20200601,0.51,-0.04,0.43,0
20200602,0.81,-0.09,0.55,0
20200603,1.41,0.16,2.62,0
20200604,-0.34,-0.22,2.9,0
20200605,2.5,0.67,2.75,0
20200608,1.35,0.37,2.07,0
20200609,-0.86,-0.25,-1.92,0
20200610,-0.55,-0.87,-4.1,0
20200611,-5.91,-0.83,-3.03,0
20200612,1.29,0.32,1.82,0
20200615,1.08,1.46,-0.38,0
20200616,1.88,0.61,0.49,0
20200617,-0.41,-0.91,-1.97,0
20200618,0.18,0.09,-0.54,0
20200619,-0.45,0.08,-0.67,0
20200622,0.71,0.84,-1.36,0
20200623,0.41,0.17,-0.6,0
20200624,-2.62,-0.45,-1.36,0
20200625,1.13,0.25,0.51,0
20200626,-2.43,0.12,-1.39,0
20200629,1.51,1.25,1.86,0
20200630,1.58,0.08,-0.01,0
20200701,0.41,-1.27,-2.57,0
20200702,0.51,-0.02,-0.14,0
20200706,1.66,-0.63,0.35,0
20200707,-1.01,-0.5,-1.51,0
20200708,0.89,0.3,-0.46,0
20200709,-0.54,-0.93,-2.61,0
20200710,1.11,-0.07,3.06,0
20200713,-1.19,-0.76,2.04,0
20200714,1.36,0.42,-0.29,0
20200715,1.14,2.43,1.26,0
20200716,-0.38,-0.35,0.81,0
20200717,0.3,0.17,-1.43,0
20200720,1.04,-0.44,-2.38,0
20200721,0.15,0.85,3.28,0
20200722,0.5,-0.62,-0.37,0
20200723,-1.2,0.74,1.98,0
20200724,-0.74,-0.81,0.45,0
20200727,0.88,0.75,-2.02,0
20200728,-0.81,-0.71,1.01,0
20200729,1.36,0.5,0.9,0
20200730,-0.29,0.48,-1.84,0
20200731,0.62,-1.6,-0.66,0
20200803,0.97,1.22,-0.83,0
20200804,0.37,0.45,0.06,0
20200805,0.78,1.04,0.82,0
20200806,0.53,-0.42,-0.85,0
20200807,0.02,0.92,2.4,0
20200810,0.23,0.86,1.73,0
20200811,-0.83,-0.31,1.61,0
20200812,1.4,-0.51,-1.33,0
20200813,-0.02,0.18,-1.32,0
20200814,-0.04,-0.08,1.09,0
20200817,0.45,0.59,-1.94,0
20200818,0.23,-1.07,-1.42,0
20200819,-0.38,0.48,0.09,0
20200820,0.31,-0.51,-1.55,0
20200821,0.26,-1.08,-0.44,0
20200824,0.92,-0.36,2.59,0
20200825,0.35,0.16,-0.64,0
20200826,1,-1.17,-1.75,0
20200827,0.18,-0.34,0.95,0
20200828,0.7,0.26,-0.22,0
20200831,-0.04,-0.42,-1.75,0
20200901,0.92,0.44,-0.32,0
20200902,1.27,-0.5,-0.45,0
20200903,-3.7,-0.22,2.6,0
20200904,-0.87,-0.17,2.07,0
20200908,-2.93,0.65,-0.29,0
20200909,2.07,-0.18,-1.99,0
20200910,-1.64,0.31,-0.06,0
20200911,-0.05,-0.84,0.9,0
20200914,1.58,1.19,-0.8,0
20200915,0.57,-0.27,-1.46,0
20200916,-0.4,0.76,1.32,0
20200917,-0.85,0.37,0.2,0
20200918,-0.89,0.79,-0.21,0
20200921,-1.07,-2.03,-1.9,0
20200922,1.01,-0.17,-1.6,0
20200923,-2.47,-0.7,0.16,0
20200924,0.26,-0.21,0.38,0
20200925,1.71,0.15,-1.34,0
20200928,1.65,0.72,1.05,0
20200929,-0.42,0.75,-1.32,0
20200930,0.79,-0.73,0.16,0
20201001,0.79,1.05,-0.55,0
20201002,-0.97,1.08,2.43,0
20201005,1.94,1.02,-0.09,0
20201006,-1.28,0.74,0.25,0
20201007,1.84,0.58,0.16,0
20201008,0.8,-0.03,1.07,0
20201009,0.93,0.01,-1.42,0
20201012,1.54,-0.83,-0.09,0
20201013,-0.42,0.18,-1.74,0
20201014,-0.65,0.08,0.03,0
20201015,-0.08,0.9,1.14,0
20201016,-0.06,-0.18,0.05,0
20201019,-1.53,0.34,0.32,0
20201020,0.35,-0.24,1.26,0
20201021,-0.36,-0.47,0.41,0
20201022,0.66,0.61,1.03,0
20201023,0.39,0.42,0.04,0
20201026,-1.85,-0.28,-0.39,0
20201027,-0.23,-0.07,-2.33,0
20201028,-3.42,0.02,0.57,0
20201029,1.13,0.16,0.27,0
20201030,-1.45,-0.79,1.85,0
20201102,1.17,0.52,1,0
20201103,1.93,1.01,-0.19,0
20201104,2.25,-1.49,-5.03,0
20201105,2.12,0.99,0.54,0
20201106,0.01,-0.86,-0.92,0
20201109,0.83,0.79,6.73,0
20201110,-0.16,1.55,2.15,0
20201111,0.88,-0.55,-1.78,0
20201112,-0.94,-0.22,-1.19,0
20201113,1.31,0.6,1.15,0
20201116,1.22,0.79,1.98,0
20201117,-0.2,0.62,-0.01,0
20201118,-0.94,-0.04,0.03,0
20201119,0.58,0.47,-0.78,0
20201120,-0.51,0.67,-0.6,0
20201123,0.82,0.88,1.56,0
20201124,1.56,-0.12,2.78,0
20201125,0.02,0,-1.32,0
