date,MOM
20080717,-5.72
20080718,-0.59
20080721,0.73
20080722,-4.34
20080723,-3.81
20080724,3.97
20080725,1.29
20080728,2.5
20080729,-3.93
20080730,1.22
20080731,-0.9
20080801,-1.14
20080804,-1.33
20080805,-3.28
20080806,0.81
20080807,2.12
20080808,-2.86
20080811,-1.8
20080812,2.03
20080813,2.98
20080814,-1.98
20080815,-1.85
20080818,1.74
20080819,2.78
20080820,0.75
20080821,0.73
20080822,-1.75
20080825,0.96
20080826,0.22
20080827,-0.41
20080828,-2.03
20080829,-0.49
20080902,-2.21
20080903,-1.66
20080904,1.26
20080905,-0.85
20080908,-2.05
20080909,1.12
20080910,2.18
20080911,0.75
20080912,1.02
20080915,2.99
20080916,-0.07
20080917,1.88
20080918,-4.54
20080919,-3.82
20080922,2.87
20080923,0.33
20080924,1.05
20080925,-0.45
20080926,-0.38
20080929,3.45
20080930,-2.46
20081001,-1.74
20081002,1.09
20081003,1.88
20081006,1
20081007,3.45
20081008,1.34
20081009,2.02
20081010,-0.52
20081013,-1.21
20081014,-2.07
20081015,1.85
20081016,1.58
20081017,-0.51
20081020,0.68
20081021,0.45
20081022,1.18
20081023,1.68
20081024,1.01
20081027,0.32
20081028,-1.61
20081029,-0.95
20081030,-0.88
20081031,-0.36
20081103,-0.39
20081104,-2.45
20081105,2.08
20081106,3.13
20081107,-0.11
20081110,1.83
20081111,2.7
20081112,3.45
20081113,-1.78
20081114,0.67
20081117,2.72
20081118,1.39
20081119,3.98
20081120,4.45
20081121,-0.34
20081124,-7.23
20081125,-2.11
20081126,-5.06
20081128,-2.5
20081201,4.18
20081202,-1.6
20081203,-0.44
20081204,0.71
20081205,-1.82
20081208,-4.42
20081209,-0.63
20081210,-1.11
20081211,1.28
20081212,-0.24
20081215,1.22
20081216,-3.01
20081217,-1.38
20081218,1.45
20081219,-1.24
20081222,3.44
20081223,1.13
20081224,-0.23
20081226,-0.8
20081229,1.32
20081230,-1.48
20081231,-1.67
20090102,-4.29
20090105,-3.08
20090106,-5.04
20090107,1.81
20090108,-1.5
20090109,0.75
20090112,3.86
20090113,0.83
20090114,2.88
20090115,1.86
20090116,0.25
20090120,4.7
20090121,-4.32
20090122,2.43
20090123,-2.46
20090126,0.15
20090127,-1.32
20090128,-4.12
20090129,3.14
20090130,1.89
20090202,0.97
20090203,0.97
20090204,-0.8
20090205,-1.78
20090206,-3.09
20090209,-1.48
20090210,3.84
20090211,-0.84
20090212,0.25
20090213,-0.17
20090217,4.15
20090218,1.07
20090219,2.19
20090220,1.51
20090223,1.83
20090224,-4.25
20090225,0.4
20090226,-1.55
20090227,2.43
20090302,5.19
20090303,0.54
20090304,-1.49
20090305,3.25
20090306,0.64
20090309,-1.74
20090310,-6.75
20090311,-1
20090312,-3.63
20090313,-0.19
20090316,-1.63
20090317,-1.43
20090318,-5.2
20090319,0.31
20090320,2.8
20090323,-7.46
20090324,0.18
20090325,-0.47
20090326,-2.26
20090327,0.87
20090330,6.69
20090331,-1.69
20090401,-2.59
20090402,-4.16
20090403,-3.17
20090406,0.09
20090407,1.81
20090408,-0.98
20090409,-8.26
20090413,-4.11
20090414,1.5
20090415,-1.97
20090416,-1.57
20090417,-2.04
20090420,7.14
20090421,-3.93
20090422,-1.63
20090423,-1.03
20090424,-3.34
20090427,2.2
20090428,1.26
20090429,-2.68
20090430,-2.68
20090501,-1.85
20090504,-5.33
20090505,-1.28
20090506,-3.84
20090507,0.99
20090508,-5.07
20090511,2.2
20090512,1.87
20090513,5.13
20090514,-1.63
20090515,1.61
20090518,-3.47
20090519,-1.26
20090520,-0.77
20090521,1.58
20090522,0.47
20090526,-0.31
20090527,-0.31
20090528,-1.21
20090529,-0.56
20090601,-1.93
20090602,0.76
20090603,2.69
20090604,-2.61
20090605,-0.12
20090608,0.65
20090609,-0.94
20090610,-1.17
20090611,-1.36
20090612,0.51
20090615,1.48
20090616,1.2
20090617,2.71
20090618,0.71
20090619,-0.21
20090622,3.66
20090623,-0.84
20090624,-0.69
20090625,-0.39
20090626,0.12
20090629,-0.14
20090630,-0.02
20090701,0.22
20090702,1.03
20090706,1.98
20090707,1.07
20090708,1.16
20090709,-1.07
20090710,0.4
20090713,-0.45
20090714,-0.76
20090715,-1.57
20090716,-0.84
20090717,0.58
20090720,-1.48
20090721,0.56
20090722,-0.3
20090723,-1.69
20090724,-1.07
20090727,-1.26
20090728,0.46
20090729,1.25
20090730,-2.25
20090731,-1.2
20090803,-2.06
20090804,-1.35
20090805,-1.56
20090806,-0.51
20090807,-1.13
20090810,-0.73
20090811,1.62
20090812,-0.72
20090813,-1.57
20090814,0.27
20090817,1.99
20090818,-1.02
20090819,0.19
20090820,-0.78
20090821,-0.99
20090824,-0.34
20090825,0.12
20090826,0.06
20090827,-0.84
20090828,-0.62
20090831,0.8
20090901,1.7
20090902,0.33
20090903,-0.86
20090904,-0.66
20090908,-0.52
20090909,-0.46
20090910,-0.91
20090911,-0.8
20090914,-0.98
20090915,-1.08
20090916,-1.73
20090917,0.19
20090918,0.22
20090921,0.68
20090922,-1.21
20090923,0.53
20090924,1.07
20090925,0.06
20090928,-0.23
20090929,0
20090930,0.64
20091001,0.57
20091002,0.19
20091005,-0.31
20091006,0.41
20091007,-0.14
20091008,-0.18
20091009,0.05
20091012,-0.22
20091013,0.19
20091014,0.21
20091015,0.06
20091016,-0.06
20091019,0.37
20091020,0.09
20091021,0.4
20091022,-0.46
20091023,0.2
20091026,0.21
20091027,-1.5
20091028,-1.92
20091029,1.22
20091030,-0.21
20091102,0.5
20091103,0.69
20091104,0.16
20091105,0.58
20091106,-0.12
20091109,0.59
20091110,0.31
20091111,0.06
20091112,-0.33
20091113,0.58
20091116,0.36
20091117,-0.18
20091118,-0.39
20091119,-0.86
20091120,-0.62
20091123,-0.11
20091124,-0.47
20091125,0.42
20091127,-0.52
20091130,-0.18
20091201,0.55
20091202,0.27
20091203,-0.26
20091204,-0.16
20091207,-0.23
20091208,0.02
20091209,0.33
20091210,0.28
20091211,-0.54
20091214,0.97
20091215,0.13
20091216,0.72
20091217,-0.31
20091218,-0.09
20091221,0.41
20091222,0.31
20091223,0.75
20091224,0.25
20091228,-0.17
20091229,-0.37
20091230,-0.08
20091231,0.03
20100104,0.58
20100105,0.62
20100106,-0.05
20100107,-0.87
20100108,0.2
20100111,-0.48
20100112,-1.23
20100113,0.38
20100114,-0.11
20100115,-0.52
20100119,0.05
20100120,-0.54
20100121,-1
20100122,-1.58
20100125,0.55
20100126,-0.01
20100127,-0.16
20100128,-0.65
20100129,-1.24
20100201,1.37
20100202,0.46
20100203,0.22
20100204,-1.54
20100205,0.05
20100208,0
20100209,0.88
20100210,0.23
20100211,0.9
20100212,0.52
20100216,0.9
20100217,0
20100218,0.08
20100219,-0.19
20100222,0.15
20100223,-1.03
20100224,0.52
20100225,0.48
20100226,0.41
20100301,1.16
20100302,0.13
20100303,0.06
20100304,0.38
20100305,0.87
20100308,0.11
20100309,0.4
20100310,0.41
20100311,-0.08
20100312,0.28
20100315,-0.66
20100316,0.32
20100317,0.08
20100318,-0.52
20100319,-1.52
20100322,0.87
20100323,0.84
20100324,0.41
20100325,-0.16
20100326,0.35
20100329,0.16
20100330,-0.12
20100331,-0.14
20100401,0.63
20100405,1.02
20100406,0.24
20100407,-0.43
20100408,0.26
20100409,0.08
20100412,-0.13
20100413,0.14
20100414,0.9
20100415,0.2
20100416,-0.8
20100419,-0.62
20100420,0.41
20100421,0.61
20100422,0.99
20100423,0.25
20100426,0.33
20100427,-1.28
20100428,0.04
20100429,0.92
20100430,-1.11
20100503,0.77
20100504,-0.95
20100505,-0.56
20100506,-0.87
20100507,-1.15
20100510,2.59
20100511,0.28
20100512,1.29
20100513,-0.5
20100514,-1.29
20100517,-0.6
20100518,-0.86
20100519,-0.66
20100520,-1.26
20100521,1.5
20100524,0.41
20100525,0.45
20100526,0.56
20100527,1.97
20100528,-0.32
20100601,-0.32
20100602,0.61
20100603,0.01
20100604,-1.31
20100607,-1.26
20100608,-0.37
20100609,0.37
20100610,0.94
20100611,0.67
20100614,0.54
20100615,0.47
20100616,0.15
20100617,0.02
20100618,-0.09
20100621,-0.22
20100622,-0.62
20100623,0.01
20100624,-0.56
20100625,0.62
20100628,-0.27
20100629,-1.97
20100630,-0.35
20100701,-0.15
20100702,-0.7
20100706,-0.42
20100707,1.59
20100708,0.17
20100709,0.57
20100712,-0.6
20100713,0.49
20100714,0.01
20100715,-0.52
20100716,-1.03
20100719,-0.35
20100720,0.56
20100721,0.29
20100722,0.55
20100723,0.55
20100726,0.1
20100727,-0.6
20100728,-0.06
20100729,0.26
20100730,0.18
20100802,-0.24
20100803,-0.14
20100804,0.18
20100805,0
20100806,-0.06
20100809,0.11
20100810,0.18
20100811,-0.37
20100812,-0.09
20100813,-0.07
20100816,0.19
20100817,0.34
20100818,0.2
20100819,0.05
20100820,0.13
20100823,-0.45
20100824,-0.35
20100825,0.04
20100826,0.35
20100827,0.5
20100830,-0.06
20100831,0.47
20100901,0.54
20100902,0.29
20100903,0.18
20100907,0.19
20100908,0.05
20100909,-0.68
20100910,0.05
20100913,-0.2
20100914,0.15
20100915,-0.05
20100916,0.22
20100917,0.38
20100920,-0.1
20100921,0.11
20100922,0.46
20100923,0.08
20100924,-0.01
20100927,0.11
20100928,-0.03
20100929,0.02
20100930,-0.55
20101001,-0.27
20101004,0.38
20101005,0.23
20101006,-0.62
20101007,0.23
20101008,-0.01
20101011,-0.14
20101012,-0.27
20101013,0.11
20101014,0.84
20101015,0.23
20101018,-0.83
20101019,-0.08
20101020,-0.04
20101021,0.46
20101022,0.22
20101025,0.33
20101026,-0.08
20101027,0.07
20101028,0.07
20101029,0.15
20101101,0.16
20101102,0.07
20101103,0.11
20101104,-0.31
20101105,-0.59
20101108,0.14
20101109,-0.26
20101110,-0.06
20101111,0.3
20101112,-0.23
20101115,0.09
20101116,-0.21
20101117,0.52
20101118,0.58
20101119,0.54
20101122,1.1
20101123,-0.01
20101124,0.7
20101126,0.38
20101129,-0.29
20101130,0.07
20101201,0.22
20101202,-0.39
20101203,0.08
20101206,0.24
20101207,-0.02
20101208,-0.68
20101209,-0.01
20101210,-0.14
20101213,-0.25
20101214,-0.47
20101215,-0.02
20101216,0.09
20101217,-0.05
20101220,0.06
20101221,0.13
20101222,-0.94
20101223,-0.12
20101227,-0.24
20101228,-0.23
20101229,0.24
20101230,-0.02
20101231,-0.16
20110103,0
20110104,-0.57
20110105,0.11
20110106,-0.51
20110107,0.35
20110110,0.68
20110111,-0.22
20110112,-0.31
20110113,0.31
20110114,-0.18
20110118,-0.31
20110119,-0.13
20110120,-1.25
20110121,-0.15
20110124,0.19
20110125,-0.16
20110126,1.24
20110127,0.03
20110128,-0.17
20110131,0.61
20110201,0.52
20110202,-0.01
20110203,0.1
20110204,0.04
20110207,0.23
20110208,0.14
20110209,-0.05
20110210,0.79
20110211,0.45
20110214,0.54
20110215,-0.29
20110216,0.14
20110217,0.14
20110218,-0.52
20110222,-0.81
20110223,-0.23
20110224,0.38
20110225,0.67
20110228,-0.21
20110301,-0.23
20110302,0.54
20110303,0.8
20110304,0.32
20110307,-0.34
20110308,-0.4
20110309,-0.8
20110310,-0.76
20110311,0.31
20110314,0.29
20110315,0.25
20110316,-0.05
20110317,0.58
20110318,-0.47
20110321,1.25
20110322,-0.18
20110323,0.48
20110324,0.27
20110325,0.62
20110328,-0.15
20110329,0.54
20110330,0.23
20110331,0.23
20110401,0.02
20110404,0.15
20110405,-0.05
20110406,-1.21
20110407,-0.09
20110408,0.08
20110411,-0.53
20110412,-0.71
20110413,0.93
20110414,0.29
20110415,0.19
20110418,-0.37
20110419,0.34
20110420,0.7
20110421,0.79
20110425,-0.19
20110426,-0.36
20110427,-0.1
20110428,-0.23
20110429,0.66
20110502,-0.65
20110503,-1.31
20110504,-0.86
20110505,-0.27
20110506,0.54
20110509,1.18
20110510,0.06
20110511,-1.08
20110512,-0.23
20110513,-0.09
20110516,-0.7
20110517,-0.4
20110518,1.14
20110519,0.29
20110520,0.3
20110523,-0.58
20110524,0.33
20110525,1.19
20110526,0.52
20110527,0.11
20110531,0.27
20110601,-0.25
20110602,0.02
20110603,-0.16
20110606,-0.67
20110607,0.53
20110608,-0.26
20110609,0.44
20110610,-0.6
20110613,-0.59
20110614,0.92
20110615,-0.45
20110616,-0.81
20110617,-0.24
20110620,0.5
20110621,1.13
20110622,0.22
20110623,0.45
20110624,-0.3
20110627,0.21
20110628,1.21
20110629,-0.01
20110630,0.38
20110701,0.33
20110705,1.23
20110706,0.34
20110707,-0.25
20110708,0.36
20110711,-0.14
20110712,-0.58
20110713,0.34
20110714,-0.2
20110715,0.54
20110718,0.34
20110719,0.46
20110720,-0.57
20110721,-0.56
20110722,0.26
20110725,-0.16
20110726,-0.54
20110727,-0.65
20110728,0.11
20110729,0.11
20110801,0.01
20110802,-0.84
20110803,-0.06
20110804,-1.36
20110805,-0.49
20110808,-1.12
20110809,1.55
20110810,1.47
20110811,0.56
20110812,1.17
20110815,-0.23
20110816,-0.68
20110817,-0.6
20110818,-1.99
20110819,-0.58
20110822,-0.03
20110823,2.1
20110824,-0.32
20110825,-0.43
20110826,1.33
20110829,0.07
20110830,0.73
20110831,-0.35
20110901,0.6
20110902,0.37
20110906,1.11
20110907,-1.4
20110908,0.76
20110909,0.17
20110912,-0.15
20110913,0.08
20110914,0.05
20110915,-0.6
20110916,0.54
20110919,1.85
20110920,0.29
20110921,1.06
20110922,0.27
20110923,-0.88
20110926,-1.06
20110927,0.05
20110928,0.37
20110929,-1.8
20110930,0.67
20111003,1.18
20111004,-1.6
20111005,-0.44
20111006,-1.06
20111007,1.77
20111010,-0.51
20111011,-0.32
20111012,-1.31
20111013,0.89
20111014,0.2
20111017,0.9
20111018,-2.07
20111019,0.48
20111020,-0.49
20111021,-0.47
20111024,-1.37
20111025,0.99
20111026,-0.66
20111027,-2.66
20111028,-0.4
20111031,2.25
20111101,1.77
20111102,-0.88
20111103,-0.43
20111104,-0.14
20111107,-0.08
20111108,-0.46
20111109,1.86
20111110,-0.1
20111111,-0.37
20111114,0.83
20111115,0.36
20111116,0.36
20111117,1.22
20111118,-0.08
20111121,0.89
20111122,0.94
20111123,0.72
20111125,-0.03
20111128,-0.39
20111129,0.58
20111130,-1.91
20111201,0.29
20111202,-0.59
20111205,-0.92
20111206,0.06
20111207,-0.46
20111208,1.79
20111209,-0.65
20111212,1.02
20111213,1.15
20111214,0.18
20111215,0.28
20111216,0.31
20111219,1.78
20111220,-1.15
20111221,-0.11
20111222,-1.84
20111223,0.37
20111227,1
20111228,0.85
20111229,-0.65
20111230,-0.64
20120103,-2.57
20120104,0.13
20120105,-0.61
20120106,-0.06
20120109,-0.35
20120110,-1.1
20120111,-1.33
20120112,-0.55
20120113,1.06
20120117,0.77
20120118,-1.73
20120119,-1.13
20120120,-0.62
20120123,-0.43
20120124,-0.27
20120125,-0.04
20120126,0.24
20120127,-0.58
20120130,0.71
20120131,0.25
20120201,-0.82
20120202,-0.49
20120203,-1.49
20120206,-0.29
20120207,0.35
20120208,-0.44
20120209,0.26
20120210,0.98
20120213,0.2
20120214,0.61
20120215,-0.42
20120216,-0.96
20120217,-0.13
20120221,0.12
20120222,0.6
20120223,-0.16
20120224,0.2
20120227,0.12
20120228,0.23
20120229,0.65
20120301,-0.33
20120302,0.35
20120305,1.24
20120306,1.1
20120307,-0.44
20120308,-0.1
20120309,-0.36
20120312,0.78
20120313,-1.22
20120314,0.39
20120315,-1.16
20120316,-0.83
20120319,0.12
20120320,0.09
20120321,0.3
20120322,1.22
20120323,-0.52
20120326,0.04
20120327,0.45
20120328,0.47
20120329,0.1
20120330,-0.15
20120402,-0.01
20120403,0.97
20120404,0.86
20120405,0.91
20120409,0.72
20120410,0.18
20120411,-0.33
20120412,-1.34
20120413,1.29
20120416,-0.03
20120417,-0.42
20120418,0.59
20120419,-0.49
20120420,1.07
20120423,0.09
20120424,-0.58
20120425,0.43
20120426,0.03
20120427,0.34
20120430,-0.25
20120501,-0.57
20120502,1.15
20120503,0.93
20120504,0.25
20120507,-0.02
20120508,0.15
20120509,0.11
20120510,0.79
20120511,0.56
20120514,0.25
20120515,1.17
20120516,0.88
20120517,-0.12
20120518,0.61
20120521,-0.61
20120522,0.43
20120523,-0.4
20120524,0.75
20120525,-0.53
20120529,-0.77
20120530,1.2
20120531,0.17
20120601,-0.01
20120604,0.44
20120605,-0.97
20120606,-0.99
20120607,0.42
20120608,0.36
20120611,0.97
20120612,-0.36
20120613,0.29
20120614,0.03
20120615,-0.73
20120618,0.76
20120619,-1.11
20120620,-0.43
20120621,1.3
20120622,-0.19
20120625,1.14
20120626,0.4
20120627,-0.92
20120628,-0.54
20120629,-1.16
20120702,0.83
20120703,-1.28
20120705,0.65
20120706,1.07
20120709,1.07
20120710,0.96
20120711,-0.49
20120712,0.9
20120713,-0.29
20120716,0.32
20120717,-0.17
20120718,-0.35
20120719,-0.37
20120720,0.29
20120723,0.51
20120724,0.93
20120725,-0.2
20120726,-0.64
20120727,-0.96
20120730,0.06
20120731,-0.14
20120801,-0.01
20120802,1.22
20120803,-0.73
20120806,-0.87
20120807,-1.37
20120808,-0.14
20120809,-0.79
20120810,-0.23
20120813,0.48
20120814,0.74
20120815,-0.19
20120816,-0.59
20120817,0.08
20120820,-0.12
20120821,-0.58
20120822,0.38
20120823,0.48
20120824,0.23
20120827,0.57
20120828,0.08
20120829,0.06
20120830,0.42
20120831,-0.42
20120904,0.75
20120905,-0.41
20120906,-0.59
20120907,-1.38
20120910,-0.16
20120911,-0.64
20120912,-0.07
20120913,-0.28
20120914,-1.17
20120917,0.8
20120918,0.18
20120919,0.44
20120920,0.17
20120921,0.29
20120924,0.13
20120925,0.62
20120926,-0.37
20120927,0.37
20120928,-0.09
20121001,-0.12
20121002,0.08
20121003,1.21
20121004,-0.28
20121005,0.15
20121008,-0.45
20121009,-0.38
20121010,0.49
20121011,-0.84
20121012,0.12
20121015,0.2
20121016,-0.27
20121017,0.15
20121018,-0.27
20121019,0.27
20121022,0.14
20121023,-0.26
20121024,0.97
20121025,-0.61
20121026,0
20121031,-0.2
20121101,-0.82
20121102,0.02
20121105,-0.08
20121106,-0.48
20121107,0.56
20121108,0.1
20121109,0.29
20121112,0.01
20121113,0.53
20121114,-0.53
20121115,-0.52
20121116,0.84
20121119,0.23
20121120,0.83
20121121,-0.21
20121123,-0.23
20121126,0.05
20121127,-0.27
20121128,-0.29
20121129,0.04
20121130,0.06
20121203,0.08
20121204,-0.48
20121205,-0.91
20121206,-0.06
20121207,-0.31
20121210,-0.32
20121211,-0.29
20121212,-0.2
20121213,-0.21
20121214,-0.47
20121217,0.76
20121218,-0.41
20121219,-0.09
20121220,0.2
20121221,-0.22
20121224,0.42
20121226,-0.42
20121227,0.3
20121228,0.36
20121231,0.22
20130102,0.2
20130103,-0.44
20130104,-0.38
20130107,0.19
20130108,0.84
20130109,0.07
20130110,-0.21
20130111,-0.18
20130114,-0.28
20130115,-0.31
20130116,0.2
20130117,-0.1
20130118,0.06
20130122,-0.23
20130123,0.25
20130124,-0.84
20130125,-0.14
20130128,-0.35
20130129,0.05
20130130,0.13
20130131,-0.36
20130201,0.29
20130204,0
20130205,0.14
20130206,-0.32
20130207,-0.12
20130208,-0.19
20130211,-0.03
20130212,0.01
20130213,0.17
20130214,-0.06
20130215,0.4
20130219,-0.04
20130220,-0.02
20130221,-0.06
20130222,0.23
20130225,-0.14
20130226,0.4
20130227,0.52
20130228,0.3
20130301,0.96
20130304,1.2
20130305,0.1
20130306,-0.31
20130307,-0.41
20130308,-0.02
20130311,-0.26
20130312,-0.2
20130313,0.07
20130314,-0.45
20130315,-0.59
20130318,0
20130319,0.28
20130320,0.42
20130321,0.08
20130322,0.17
20130325,-0.03
20130326,0.41
20130327,0.16
20130328,0.48
20130401,0.35
20130402,0.34
20130403,-0.63
20130404,0.17
20130405,0.16
20130408,0.27
20130409,-0.36
20130410,-0.01
20130411,0.49
20130412,0.23
20130415,-0.25
20130416,0.77
20130417,0.32
20130418,-0.24
20130419,1.27
20130422,-0.03
20130423,0.11
20130424,-0.87
20130425,-0.24
20130426,-0.06
20130429,-0.55
20130430,-0.82
20130501,-0.02
20130502,0.41
20130503,-0.37
20130506,-0.1
20130507,0.15
20130508,-0.57
20130509,0.04
20130510,0.16
20130513,0.38
20130514,0.41
20130515,0.46
20130516,-0.79
20130517,-0.08
20130520,-1
20130521,0
20130522,0.05
20130523,0.1
20130524,0.14
20130528,0.36
20130529,-0.6
20130530,0.15
20130531,-0.23
20130603,-0.38
20130604,-0.44
20130605,-0.53
20130606,0.84
20130607,0.56
20130610,0.12
20130611,-0.31
20130612,-0.35
20130613,0.51
20130614,0.24
20130617,0.29
20130618,0.12
20130619,0.09
20130620,-0.68
20130621,-0.63
20130624,-0.36
20130625,0.54
20130626,0.66
20130627,0.49
20130628,-0.44
20130701,0.48
20130702,-0.09
20130703,0.03
20130705,0.58
20130708,0.22
20130709,0.13
20130710,-0.36
20130711,0.08
20130712,0.48
20130715,-0.13
20130716,-0.62
20130717,0.33
20130718,0.19
20130719,0.05
20130722,0.17
20130723,-0.25
20130724,0.07
20130725,-0.01
20130726,0.01
20130729,-0.43
20130730,0.11
20130731,0.62
20130801,0.61
20130802,0.49
20130805,-0.12
20130806,-0.42
20130807,-0.39
20130808,0.12
20130809,0.1
20130812,-0.21
20130813,0.01
20130814,-0.3
20130815,-0.89
20130816,0.42
20130819,-0.17
20130820,0.48
20130821,0.25
20130822,0.36
20130823,-0.3
20130826,0.1
20130827,-0.98
20130828,0.31
20130829,0.76
20130830,-0.44
20130903,0.97
20130904,0.47
20130905,0.08
20130906,-0.22
20130909,-0.01
20130910,0.72
20130911,-0.04
20130912,0.05
20130913,-0.03
20130916,0.26
20130917,0.07
20130918,-0.56
20130919,0.09
20130920,0.33
20130923,-0.55
20130924,0.58
20130925,0.19
20130926,0.38
20130927,0.35
20130930,0.2
20131001,0.47
20131002,-0.14
20131003,-0.11
20131004,0.53
20131007,-0.77
20131008,-1.1
20131009,-0.23
20131010,1.19
20131011,0.24
20131014,0.26
20131015,0.07
20131016,0.61
20131017,0.21
20131018,0.31
20131021,-0.15
20131022,-0.38
20131023,-0.53
20131024,0.16
20131025,-0.25
20131028,-0.57
20131029,0.25
20131030,-0.41
20131031,0.38
20131101,-0.07
20131104,0.05
20131105,0.62
20131106,-1.31
20131107,-1.15
20131108,1.3
20131111,0.23
20131112,-0.09
20131113,0.64
20131114,-0.09
20131115,-0.06
20131118,-0.92
20131119,-0.49
20131120,0.09
20131121,0.91
20131122,0.48
20131125,-0.38
20131126,0.64
20131127,-0.19
20131129,-0.21
20131202,0.24
20131203,-0.61
20131204,0.07
20131205,0.3
20131206,0.24
20131209,-0.26
20131210,0.14
20131211,-0.46
20131212,0.59
20131213,0.42
20131216,0.04
20131217,-0.12
20131218,0.15
20131219,-0.13
20131220,0.39
20131223,-0.12
20131224,-0.19
20131226,0.2
20131227,-0.84
20131230,-0.06
20131231,0.04
20140102,-0.04
20140103,0.24
20140106,-0.11
20140107,0.51
20140108,0.61
20140109,0.78
20140110,-0.15
20140113,-0.54
20140114,0.56
20140115,-0.31
20140116,-0.05
20140117,-0.01
20140121,-0.04
20140122,0.3
20140123,-0.54
20140124,-1.01
20140127,-0.57
20140128,0.82
20140129,-0.53
20140130,1.25
20140131,0.1
20140203,-0.86
20140204,0.45
20140205,-0.09
20140206,0.17
20140207,0.58
20140210,-0.1
20140211,0.07
20140212,0.27
20140213,0.38
20140214,-0.33
20140218,0.7
20140219,-0.34
20140220,0.49
20140221,0.23
20140224,0.39
20140225,0.11
20140226,-0.1
20140227,0.04
20140228,-0.24
20140303,-0.06
20140304,0.8
20140305,0.35
20140306,-0.5
20140307,-0.25
20140310,0
20140311,-0.08
20140312,-0.05
20140313,-0.33
20140314,-0.15
20140317,0.24
20140318,0.49
20140319,-0.11
20140320,-0.16
20140321,-1.1
20140324,-1.01
20140325,-0.25
20140326,-0.84
20140327,-0.45
20140328,-0.47
20140331,0.72
20140401,0.98
20140402,-0.1
20140403,-1.06
20140404,-1.66
20140407,-1.04
20140408,-0.14
20140409,1.38
20140410,-1.85
20140411,-0.52
20140414,-0.16
20140415,0
20140416,0.91
20140417,0.38
20140421,0.18
20140422,0.72
20140423,-0.27
20140424,-0.5
20140425,-1.27
20140428,-1.18
20140429,0.7
20140430,0.52
20140501,0.07
20140502,0.13
20140505,0.41
20140506,-0.43
20140507,-0.18
20140508,-0.63
20140509,-0.17
20140512,0.85
20140513,-0.14
20140514,-0.44
20140515,-0.3
20140516,-0.19
20140519,0.71
20140520,0.08
20140521,0.4
20140522,0.04
20140523,0.41
20140527,0.5
20140528,0.2
20140529,0.28
20140530,-0.01
20140602,0.2
20140603,0.18
20140604,0.35
20140605,-0.1
20140606,-0.23
20140609,-0.4
20140610,-0.14
20140611,0.22
20140612,-0.25
20140613,-0.09
20140616,0.11
20140617,-0.06
20140618,0.08
20140619,0.12
20140620,0.35
20140623,-0.15
20140624,-0.46
20140625,0.37
20140626,0.2
20140627,-0.12
20140630,0.08
20140701,0.23
20140702,-0.09
20140703,0.06
20140707,-0.15
20140708,-0.24
20140709,0.32
20140710,0.01
20140711,0.17
20140714,0.4
20140715,-0.5
20140716,-0.11
20140717,-0.55
20140718,0.49
20140721,0.24
20140722,0.27
20140723,-0.2
20140724,-0.15
20140725,-0.22
20140728,-0.22
20140729,-0.21
20140730,-0.13
20140731,-0.68
20140801,0.31
20140804,0.54
20140805,-0.3
20140806,-0.52
20140807,0.11
20140808,0.05
20140811,0.03
20140812,-0.04
20140813,0.77
20140814,-0.34
20140815,0.42
20140818,0.1
20140819,-0.06
20140820,0.01
20140821,-0.39
20140822,0.09
20140825,0.33
20140826,-0.21
20140827,0.07
20140828,0.05
20140829,0.06
20140902,0.28
20140903,-0.12
20140904,-0.38
20140905,0.28
20140908,0.17
20140909,0.17
20140910,0.01
20140911,-0.11
20140912,-0.42
20140915,-0.13
20140916,0.67
20140917,0.05
20140918,0.06
20140919,-0.03
20140922,-0.07
20140923,0.27
20140924,0.15
20140925,-0.22
20140926,0.6
20140929,0.13
20140930,-0.17
20141001,-0.39
20141002,-0.24
20141003,0.46
20141006,-0.3
20141007,0.11
20141008,0.26
20141009,0.05
20141010,-0.39
20141013,-0.9
20141014,-0.84
20141015,-0.66
20141016,-0.33
20141017,1.07
20141020,0.03
20141021,0.32
20141022,0.77
20141023,0.11
20141024,1.1
20141027,0.34
20141028,-0.23
20141029,0.29
20141030,0.02
20141031,0.01
20141103,0.3
20141104,0.52
20141105,-0.17
20141106,0.22
20141107,-0.91
20141110,0.62
20141111,-0.38
20141112,-0.22
20141113,0.36
20141114,-0.8
20141117,0.58
20141118,0.61
20141119,-0.1
20141120,-0.72
20141121,-0.33
20141124,0.11
20141125,0.48
20141126,0.94
20141128,1.13
20141201,0.3
20141202,0.78
20141203,-0.21
20141204,0.91
20141205,0.4
20141208,1.1
20141209,-0.35
20141210,0.63
20141211,0.21
20141212,0.03
20141215,0.17
20141216,-0.55
20141217,-0.66
20141218,0.28
20141219,-0.96
20141222,0.2
20141223,-0.95
20141224,0.73
20141226,0.07
20141229,-0.18
20141230,-0.08
20141231,-0.48
20150102,-0.08
20150105,1.14
20150106,0.49
20150107,0.89
20150108,0.14
20150109,-0.01
20150112,0.88
20150113,0.33
20150114,0.13
20150115,0.74
20150116,-0.23
20150120,0.73
20150121,-0.95
20150122,0.4
20150123,0.18
20150126,-0.83
20150127,-0.54
20150128,1.21
20150129,0.58
20150130,-2.5
20150202,-0.93
20150203,-1.34
20150204,0.75
20150205,-0.74
20150206,-0.75
20150209,-0.63
20150210,1.22
20150211,0.49
20150212,-0.49
20150213,-1.34
20150217,-0.11
20150218,0.68
20150219,-0.57
20150220,0.5
20150223,0.89
20150224,-0.04
20150225,-1
20150226,0.42
20150227,-0.17
20150302,0.41
20150303,-0.39
20150304,0.05
20150305,-0.02
20150306,0.04
20150309,0.79
20150310,0.43
20150311,-0.07
20150312,0.69
20150313,0.74
20150316,0.65
20150317,0.21
20150318,-0.86
20150319,0.98
20150320,-0.43
20150323,-0.49
20150324,-0.18
20150325,-1.22
20150326,-0.01
20150327,1.14
20150330,0.14
20150331,-0.24
20150401,-0.15
20150402,-0.57
20150406,-1.23
20150407,-0.3
20150408,1.27
20150409,-0.77
20150410,0.33
20150413,0.06
20150414,-1.14
20150415,-1.68
20150416,0.57
20150417,0.06
20150420,0.3
20150421,1.23
20150422,-0.18
20150423,-0.27
20150424,0.4
20150427,-1.18
20150428,-0.74
20150429,-1.23
20150430,-1.13
20150501,1
20150504,0.24
20150505,-0.43
20150506,0.45
20150507,0.84
20150508,0.17
20150511,0.53
20150512,-0.32
20150513,-0.08
20150514,0.84
20150515,-0.36
20150518,0.75
20150519,0.84
20150520,-0.18
20150521,-0.51
20150522,0.31
20150526,0.37
20150527,0.8
20150528,0.22
20150529,0.13
20150601,0.4
20150602,-0.84
20150603,0.29
20150604,0.15
20150605,-0.17
20150608,-0.04
20150609,-0.04
20150610,-0.08
20150611,0.42
20150612,0.08
20150615,0.28
20150616,0.11
20150617,0.21
20150618,0.81
20150619,0.38
20150622,0.19
20150623,-0.26
20150624,0.01
20150625,0.84
20150626,0.05
20150629,0.32
20150630,0.69
20150701,1.59
20150702,-0.33
20150706,1.41
20150707,-0.34
20150708,0.55
20150709,0.02
20150710,1.04
20150713,-0.01
20150714,-0.27
20150715,1.27
20150716,0.77
20150717,-0.11
20150720,1.38
20150721,-0.39
20150722,1.05
20150723,-0.16
20150724,1.05
20150727,0.21
20150728,-0.92
20150729,-1.02
20150730,0.2
20150731,1.2
20150803,1.06
20150804,0.27
20150805,0.72
20150806,-2.07
20150807,1
20150810,-1.99
20150811,0.09
20150812,-0.97
20150813,1.32
20150814,0.18
20150817,0.72
20150818,0.22
20150819,1.21
20150820,-0.41
20150821,-0.12
20150824,-0.01
20150825,0.95
20150826,0.43
20150827,-2.08
20150828,-1.48
20150831,-1.76
20150901,0.83
20150902,1.01
20150903,-0.72
20150904,0.71
20150908,0.88
20150909,0.28
20150910,0.31
20150911,1.25
20150914,0.52
20150915,-0.43
20150916,-1.69
20150917,1.1
20150918,1.22
20150921,-0.08
20150922,0.4
20150923,1.98
20150924,-0.57
20150925,-0.53
20150928,-0.35
20150929,-0.43
20150930,0.25
20151001,0.63
20151002,-2.07
20151005,-1.94
20151006,-3.07
20151007,-0.33
20151008,-1.6
20151009,0.46
20151012,1.83
20151013,-0.15
20151014,-0.77
20151015,0.67
20151016,0.81
20151019,1.35
20151020,-1.06
20151021,0.43
20151022,-0.67
20151023,0.81
20151026,1.71
20151027,1.69
20151028,-0.69
20151029,-0.53
20151030,-1.01
20151102,-1.01
20151103,-1.48
20151104,0.81
20151105,1.07
20151106,0.33
20151109,0.43
20151110,0.79
20151111,1.37
20151112,0.68
20151113,-0.6
20151116,-1
20151117,0.86
20151118,-0.47
20151119,0.21
20151120,0.89
20151123,0.08
20151124,-1.34
20151125,0.02
20151127,0.78
20151130,-0.63
20151201,0.48
20151202,0.98
20151203,-0.06
20151204,2.01
20151207,0.66
20151208,1.11
20151209,-1.42
20151210,-0.51
20151211,0.43
20151214,1.46
20151215,0.04
20151216,-0.17
20151217,0.75
20151218,-0.77
20151221,-0.07
20151222,-1.06
20151223,-1.86
20151224,0.08
20151228,1.4
20151229,0.24
20151230,0.5
20151231,-0.95
20160104,-1.93
20160105,0.65
20160106,1.87
20160107,0.85
20160108,-0.1
20160111,1.56
20160112,1.02
20160113,0.13
20160114,-0.65
20160115,0.35
20160119,1.6
20160120,-0.13
20160121,-2.59
20160122,-0.17
20160125,1.57
20160126,-1.92
20160127,-0.46
20160128,0.47
20160129,-1.2
20160201,0.3
20160202,1.25
20160203,-2.44
20160204,-2.04
20160205,-0.77
20160208,1.1
20160209,1.76
20160210,0.64
20160211,0.55
20160212,-1.31
20160216,-1.36
20160217,-2.27
20160218,0.18
20160219,1.41
20160222,-1.59
20160223,1.49
20160224,-0.21
20160225,0.43
20160226,-1.98
20160229,-0.88
20160301,-0.15
20160302,-2.5
20160303,-1.92
20160304,-0.98
20160307,-2.38
20160308,3.6
20160309,-0.1
20160310,0.53
20160311,-1.94
20160314,-0.06
20160315,2.08
20160316,-1.18
20160317,-0.93
20160318,-0.89
20160321,-0.13
20160322,-0.06
20160323,3.1
20160324,-0.51
20160328,0.85
20160329,-0.18
20160330,0.09
20160331,-1
20160401,1.08
20160404,0.55
20160405,0.18
20160406,-1.4
20160407,0.3
20160408,-0.58
20160411,0.03
20160412,-1.44
20160413,-1.35
20160414,-0.11
20160415,0.42
20160418,-0.29
20160419,-0.61
20160420,-1.11
20160421,-0.88
20160422,-1.27
20160425,1.37
20160426,-0.85
20160427,-0.68
20160428,0.71
20160429,0.71
20160502,0.94
20160503,1.64
20160504,1.27
20160505,0.23
20160506,0.21
20160509,0.91
20160510,-0.69
20160511,0.38
20160512,1.12
20160513,0.2
20160516,-0.72
20160517,-1.51
20160518,0.3
20160519,0.22
20160520,-1.19
20160523,-0.43
20160524,0.08
20160525,-1.59
20160526,0.54
20160527,-0.21
20160531,-0.61
20160601,-0.03
20160602,-0.6
20160603,0.67
20160606,-1.31
20160607,0
20160608,0.55
20160609,1.15
20160610,1.52
20160613,0.3
20160614,0.73
20160615,-0.59
20160616,0.44
20160617,-1.02
20160620,-0.37
20160621,0.45
20160622,0.12
20160623,-1.08
20160624,2.04
20160627,2.77
20160628,-1.44
20160629,-0.92
20160630,0.63
20160701,-0.95
20160705,1.94
20160706,-0.43
20160707,-0.57
20160708,-0.61
20160711,-0.22
20160712,-1.52
20160713,0.86
20160714,-0.61
20160715,-0.13
20160718,-0.7
20160719,0.63
20160720,-0.8
20160721,-0.31
20160722,0.33
20160725,-0.08
20160726,-0.26
20160727,-0.88
20160728,0.19
20160729,0.19
20160801,-0.07
20160802,0.44
20160803,-1.55
20160804,0.5
20160805,-1.34
20160808,-0.45
20160809,0.44
20160810,0.8
20160811,-0.73
20160812,-0.28
20160815,-1.05
20160816,-0.35
20160817,0.41
20160818,0.04
20160819,-0.25
20160822,0.25
20160823,-0.43
20160824,0.38
20160825,0.41
20160826,-0.44
20160829,-0.17
20160830,-0.45
20160831,0.22
20160901,0.64
20160902,0.02
20160906,-0.04
20160907,-0.64
20160908,-0.6
20160909,-0.19
20160912,-0.21
20160913,0.2
20160914,0.37
20160915,0.08
20160916,0.1
20160919,0.03
20160920,-0.03
20160921,0.59
20160922,-0.19
20160923,-0.35
20160926,0.4
20160927,0.01
20160928,0.3
20160929,0.38
20160930,-0.36
20161003,-0.08
20161004,-0.52
20161005,-0.74
20161006,0.76
20161007,0.15
20161010,0.09
20161011,0.05
20161012,0.51
20161013,0.13
20161014,0.33
20161017,0.48
20161018,-0.31
20161019,-0.33
20161020,-0.43
20161021,-0.24
20161024,0.37
20161025,0.02
20161026,-0.8
20161027,-0.23
20161028,0.4
20161031,0.76
20161101,-0.24
20161102,0.08
20161103,0.77
20161104,-0.59
20161107,-0.23
20161108,0.56
20161109,-1.99
20161110,-1.98
20161111,-0.26
20161114,-1.5
20161115,0.7
20161116,0.66
20161117,-0.14
20161118,0.14
20161121,0.37
20161122,0.46
20161123,-0.47
20161125,0.03
20161128,0.66
20161129,0.31
20161130,-0.7
20161201,-0.52
20161202,0.46
20161205,-0.27
20161206,-0.45
20161207,0.09
20161208,-0.39
20161209,-0.64
20161212,0.19
20161213,-0.11
20161214,0.02
20161215,0.27
20161216,-0.87
20161219,0.11
20161220,0.43
20161221,0.34
20161222,0.29
20161223,-0.39
20161227,0.28
20161228,-0.13
20161229,0.09
20161230,-0.27
20170103,-0.62
20170104,-0.37
20170105,-0.62
20170106,-0.18
20170109,-0.36
20170110,0.7
20170111,0.66
20170112,-0.54
20170113,0.17
20170117,-0.9
20170118,0.49
20170119,0.35
20170120,0.2
20170123,0.09
20170124,1.19
20170125,0.5
20170126,0.54
20170127,0.05
20170130,-0.71
20170131,-0.66
20170201,0.47
20170202,-0.51
20170203,0.89
20170206,-0.23
20170207,-0.24
20170208,-0.63
20170209,0.48
20170210,-0.31
20170213,0.31
20170214,0.12
20170215,-0.21
20170216,-0.07
20170217,-0.41
20170221,0.08
20170222,-0.06
20170223,-0.55
20170224,-0.62
20170227,0.13
20170228,0.14
20170301,1.3
20170302,-1.14
20170303,0.64
20170306,0.02
20170307,0.11
20170308,-0.71
20170309,-0.18
20170310,-0.2
20170313,0.54
20170314,-0.16
20170315,-0.03
20170316,-0.19
20170317,0.14
20170320,-0.02
20170321,-1.69
20170322,0.22
20170323,0.15
20170324,0.08
20170327,-0.31
20170328,0.37
20170329,-0.46
20170330,0.72
20170331,0
20170403,0.04
20170404,0.37
20170405,-0.45
20170406,0.07
20170407,0.01
20170410,-0.91
20170411,0.14
20170412,-0.6
20170413,-0.31
20170417,0.52
20170418,-0.03
20170419,0.19
20170420,0.44
20170421,0.19
20170424,0.92
20170425,0.12
20170426,-0.23
20170427,0.25
20170428,-0.07
20170501,0.96
20170502,-0.57
20170503,-0.03
20170504,-0.01
20170505,-0.31
20170508,0
20170509,0.04
20170510,0.03
20170511,0.13
20170512,0.31
20170515,0.1
20170516,0.84
20170517,-1.54
20170518,0.58
20170519,-0.25
20170522,0.35
20170523,0.56
20170524,0.13
20170525,0.59
20170526,0.17
20170530,0.07
20170531,-0.03
20170601,-0.42
20170602,0.56
20170605,0.05
20170606,-0.12
20170607,1.16
20170608,0.96
20170609,-1.6
20170612,-1.23
20170613,0.53
20170614,-0.21
20170615,0.27
20170616,0.09
20170619,0.79
20170620,0.18
20170621,0.61
20170622,-0.53
20170623,-0.09
20170626,-0.59
20170627,-0.32
20170628,0.9
20170629,-0.49
20170630,-0.35
20170703,-0.59
20170705,1.43
20170706,0.73
20170707,0.82
20170710,0.41
20170711,0.01
20170712,0.31
20170713,-0.38
20170714,-0.14
20170717,-0.17
20170718,0.46
20170719,-0.34
20170720,-0.06
20170721,0.32
20170724,0.97
20170725,-0.68
20170726,-0.2
20170727,-1.07
20170728,0.17
20170731,-0.05
20170801,0.61
20170802,0.65
20170803,0.3
20170804,0.02
20170807,0.41
20170808,0.57
20170809,-0.23
20170810,-0.47
20170811,0
20170814,1.11
20170815,0.62
20170816,-0.03
20170817,-0.48
20170818,0.21
20170821,0.05
20170822,0.45
20170823,-0.24
20170824,0.03
20170825,-0.44
20170828,0.41
20170829,0.23
20170830,0.55
20170831,0.04
20170901,-0.39
20170905,-0.7
20170906,-0.75
20170907,0.01
20170908,0.46
20170911,0.31
20170912,-0.53
20170913,-0.61
20170914,0.01
20170915,-0.25
20170918,0.48
20170919,0.75
20170920,-0.3
20170921,0.04
20170922,-0.35
20170925,-1.48
20170926,-0.06
20170927,0.81
20170928,0.47
20170929,0.41
20171002,0.02
20171003,-0.02
20171004,0.25
20171005,0
20171006,0.63
20171009,0.57
20171010,-0.01
20171011,0.42
20171012,0.62
20171013,-0.03
20171016,0.26
20171017,-0.21
20171018,0.17
20171019,-0.21
20171020,0.13
20171023,0.42
20171024,0.66
20171025,-0.09
20171026,0.32
20171027,0.97
20171030,-0.17
20171031,0.38
20171101,-0.46
20171102,0.76
20171103,0.5
20171106,-0.39
20171107,-0.25
20171108,-0.01
20171109,-0.82
20171110,-0.11
20171113,0.82
20171114,0.92
20171115,-0.12
20171116,0.31
20171117,-1.19
20171120,0.45
20171121,0.93
20171122,-0.88
20171124,0.49
20171127,0.14
20171128,-0.47
20171129,-2.29
20171130,0.49
20171201,-0.46
20171204,-1.98
20171205,0.95
20171206,0.9
20171207,0.66
20171208,-0.47
20171211,-0.28
20171212,-0.6
20171213,0.57
20171214,0.47
20171215,0.25
20171218,-0.09
20171219,-0.06
20171220,-0.28
20171221,-0.73
20171222,0.11
20171226,-0.38
20171227,0.59
20171228,-0.08
20171229,-0.18
20180102,-0.64
20180103,0.21
20180104,-0.2
20180105,0.61
20180108,0.16
20180109,0.52
20180110,-0.23
20180111,-0.33
20180112,0.01
20180116,-0.16
20180117,1
20180118,0.41
20180119,0.55
20180122,-0.28
20180123,0.05
20180124,-0.18
20180125,0.61
20180126,0.6
20180129,-0.13
20180130,0.31
20180131,0.27
20180201,-0.18
20180202,0.14
20180205,-0.23
20180206,0.78
20180207,0.15
20180208,-1.13
20180209,0.58
20180212,0.54
20180213,0.61
20180214,0.22
20180215,0.28
20180216,-0.16
20180220,0.3
20180221,0.78
20180222,0.2
20180223,0.05
20180226,0.1
20180227,0.27
20180228,0.53
20180301,-0.85
20180302,-0.18
20180305,-0.4
20180306,0.38
20180307,0.8
20180308,-0.12
20180309,0.63
20180312,-0.52
20180313,-0.06
20180314,0.34
20180315,0.26
20180316,-0.41
20180319,0.45
20180320,1.39
20180321,-0.31
20180322,-0.94
20180323,-0.33
20180326,1.28
20180327,-1.82
20180328,-1.2
20180329,0.55
20180402,-0.17
20180403,-0.15
20180404,0.08
20180405,-0.38
20180406,-0.57
20180409,0.58
20180410,0.39
20180411,-0.53
20180412,1.25
20180413,-0.83
20180416,0
20180417,1.08
20180418,0.05
20180419,0.62
20180420,0.04
20180423,-0.29
20180424,-1.03
20180425,-0.54
20180426,0.97
20180427,0.31
20180430,0.22
20180501,0.43
20180502,0.4
20180503,0.89
20180504,-0.39
20180507,0.35
20180508,0.47
20180509,0.21
20180510,-0.16
20180511,0.15
20180514,-0.36
20180515,-0.11
20180516,-0.04
20180517,0.2
20180518,0.64
20180521,0.23
20180522,-0.23
20180523,0.4
20180524,0.13
20180525,-0.6
20180529,-0.09
20180530,0.27
20180531,0.42
20180601,0.59
20180604,0.13
20180605,0.35
20180606,0.02
20180607,-0.9
20180608,-0.1
20180611,-0.64
20180612,0.12
20180613,0.23
20180614,-0.2
20180615,-0.9
20180618,0.78
20180619,-0.67
20180620,0.31
20180621,-0.32
20180622,-0.64
20180625,-1.14
20180626,0.43
20180627,-0.34
20180628,0.49
20180629,-0.01
20180702,0.57
20180703,-0.64
20180705,-0.32
20180706,0.1
20180709,0.49
20180710,-0.19
20180711,0.02
20180712,0.54
20180713,0.2
20180716,0.38
20180717,0.41
20180718,0.38
20180719,-0.08
20180720,0.26
20180723,0.38
20180724,-0.37
20180725,1.09
20180726,-0.98
20180727,-1.33
20180730,-1.42
20180731,0.07
20180801,1.11
20180802,0.83
20180803,-0.8
20180806,0.35
20180807,0.28
20180808,0.32
20180809,0.08
20180810,0.72
20180813,-0.01
20180814,0.39
20180815,-1.09
20180816,-0.38
20180817,-0.34
20180820,0.15
20180821,0.17
20180822,0.98
20180823,0.64
20180824,0.29
20180827,0.01
20180828,0.2
20180829,0.44
20180830,0.28
20180831,0.28
20180904,0.72
20180905,-1.46
20180906,0.04
20180907,-0.24
20180910,-0.04
20180911,0.83
20180912,-0.83
20180913,0.19
20180914,-0.16
20180917,-1.33
20180918,0.33
20180919,-1.12
20180920,-0.2
20180921,-0.34
20180924,1.33
20180925,1.26
20180926,0.13
20180927,0.21
20180928,0.28
20181001,-0.12
20181002,-1.09
20181003,0.13
20181004,-0.84
20181005,0.07
20181008,-1.25
20181009,0.45
20181010,-1.57
20181011,0.43
20181012,1.75
20181015,-0.97
20181016,0.99
20181017,-0.18
20181018,-0.15
20181019,-0.56
20181022,1.25
20181023,-0.37
20181024,-0.41
20181025,1.01
20181026,-0.16
20181029,-1.13
20181030,0.03
20181031,0.8
20181101,-0.98
20181102,-0.08
20181105,-0.13
20181106,-0.15
20181107,1.69
20181108,0.39
20181109,0.04
20181112,-0.3
20181113,-0.87
20181114,-0.69
20181115,0.54
20181116,0.05
20181119,-1.05
20181120,-0.74
20181121,-0.18
20181123,0.04
20181126,0.1
20181127,0.54
20181128,1
20181129,0.29
20181130,-0.28
20181203,0.24
20181204,0.68
20181206,0.53
20181207,-0.54
20181210,0.78
20181211,0.73
20181212,-0.06
20181213,0.48
20181214,-0.53
20181217,-0.99
20181218,0.28
20181219,0.65
20181220,-0.46
20181221,0.39
20181224,-0.2
20181226,0.07
20181227,0.25
20181228,0.09
20181231,0.65
20190102,-2.3
20190103,-0.74
20190104,-0.96
20190107,-0.73
20190108,0.13
20190109,-0.8
20190110,-0.33
20190111,-0.2
20190114,-0.57
20190115,1.15
20190116,-0.75
20190117,-0.21
20190118,-0.84
20190122,0.94
20190123,0.98
20190124,-0.99
20190125,-1.35
20190128,-0.09
20190129,-0.24
20190130,0.09
20190131,0.32
20190201,-0.53
20190204,-0.12
20190205,0.09
20190206,-0.3
20190207,0.68
20190208,0.73
20190211,-0.11
20190212,-0.5
20190213,-0.38
20190214,0.19
20190215,-0.46
20190219,-0.42
20190220,-0.39
20190221,0.44
20190222,0.24
20190225,-0.63
20190226,0.21
20190227,0.45
20190228,0.7
20190301,-0.24
20190304,-0.51
20190305,0.47
20190306,0.75
20190307,0.51
20190308,0.14
20190311,-0.34
20190312,-0.06
20190313,-0.21
20190314,0.21
20190315,-0.16
20190318,-0.59
20190319,0.48
20190320,0.57
20190321,-0.02
20190322,1.01
20190325,0.66
20190326,-0.45
20190327,-0.38
20190328,-0.18
20190329,-0.04
20190401,-0.95
20190402,0.24
20190403,-0.06
20190404,-1.31
20190405,-0.66
20190408,-0.19
20190409,0.98
20190410,-0.18
20190411,-0.11
20190412,-1.1
20190415,0.82
20190416,-0.87
20190417,-0.83
20190418,-0.05
20190422,0.25
20190423,0.26
20190424,0.42
20190425,1.38
20190426,0.12
20190429,-0.45
20190430,0.34
20190501,0.49
20190502,0.47
20190503,-0.26
20190506,0.28
20190507,0.27
20190508,0.14
20190509,0.61
20190510,0.6
20190513,0.97
20190514,-0.54
20190515,0.38
20190516,0.45
20190517,0.46
20190520,0.34
20190521,-0.63
20190522,1.32
20190523,1.19
20190524,0.05
20190528,1.05
20190529,-0.41
20190530,1.41
20190531,0.58
20190603,-0.59
20190604,-1.14
20190605,1.71
20190606,0.66
20190607,0.35
20190610,-0.37
20190611,-0.47
20190612,1.43
20190613,-1.4
20190614,0.9
20190617,-0.28
20190618,-0.98
20190619,0.79
20190620,-0.38
20190621,-0.07
20190624,0.73
20190625,-0.41
20190626,-1.9
20190627,-0.02
20190628,-0.54
20190701,0.38
20190702,1.81
20190703,0.24
20190705,-0.27
20190708,0.65
20190709,0.32
20190710,-0.09
20190711,0.26
20190712,-0.92
20190715,0.73
20190716,0.03
20190717,0.88
20190718,0.28
20190719,-1
20190722,0.2
20190723,-0.78
20190724,-0.75
20190725,1.53
20190726,0.28
20190729,0.44
20190730,-1.36
20190731,0.11
20190801,2.47
20190802,0.31
20190805,0.41
20190806,1.07
20190807,0.37
20190808,0.18
20190809,1.03
20190812,0.56
20190813,0.05
20190814,1.3
20190815,1.2
20190816,-1.08
20190819,-1.17
20190820,0.43
20190821,-0.08
20190822,-0.04
20190823,0.95
20190826,0.39
20190827,0.93
20190828,-0.88
20190829,-0.94
20190830,-0.25
20190903,0.55
20190904,-0.92
20190905,-1.96
20190906,-0.4
20190909,-3.81
20190910,-3.15
20190911,-0.44
20190912,1
20190913,-0.68
20190916,-1.87
20190917,2.37
20190918,0.99
20190919,0.55
20190920,0.04
20190923,-0.17
20190924,1.14
20190925,-0.64
20190926,0.81
20190927,-0.7
20190930,0.2
20191001,1.14
20191002,0.8
20191003,-0.23
20191004,0.92
20191007,-0.13
20191008,0.66
20191009,0.4
20191010,-0.38
20191011,-1.16
20191014,0.16
20191015,-0.27
20191016,-0.15
20191017,-0.14
20191018,0.46
20191021,-0.46
20191022,-2.06
20191023,-0.62
20191024,1.05
20191025,-0.81
20191028,-0.17
20191029,-0.08
20191030,0.95
20191031,0.52
20191101,-1.85
20191104,-2.59
20191105,-0.76
20191106,1
20191107,-1.16
20191108,-0.16
20191111,0.79
20191112,0.5
20191113,1.07
20191114,0.51
20191115,-0.52
20191118,0.92
20191119,0.5
20191120,0
20191121,-0.94
20191122,-0.98
20191125,-0.35
20191126,0.93
20191127,-0.2
20191129,0
20191202,-0.43
20191203,0.53
20191204,-0.3
20191205,0.57
20191206,-0.75
20191209,-0.36
20191210,-0.07
20191211,0.46
20191212,-0.9
20191213,0.76
20191216,-0.34
20191217,-0.1
20191218,-0.3
20191219,-0.23
20191220,0.22
20191223,-0.7
20191224,0.16
20191226,0.3
20191227,0.36
20191230,0.04
20191231,-0.47
20200102,0.82
20200103,0.01
20200106,-0.67
20200107,0.01
20200108,0.94
20200109,0.73
20200110,0.2
20200113,0.65
20200114,-0.93
20200115,0.14
20200116,0.15
20200117,0.88
20200121,0.83
20200122,0.61
20200123,0.26
20200124,0.51
20200127,0.48
20200128,0.83
20200129,0.62
20200130,0.53
20200131,-0.29
20200203,0.25
20200204,-0.03
20200205,-1.73
20200206,0.43
20200207,0.38
20200210,0.98
20200211,-1.04
20200212,-0.41
20200213,0.63
20200214,0.54
20200218,0.25
20200219,-0.08
20200220,-0.58
20200221,-0.21
20200224,0.6
20200225,0.76
20200226,1.18
20200227,-0.2
20200228,-0.45
20200302,1.91
20200303,0.83
20200304,1.08
20200305,0.45
20200306,0.51
20200309,3.46
20200310,0.33
20200311,0.24
20200312,0.08
20200313,-1.1
20200316,-2.27
20200317,1.27
20200318,-0.76
20200319,0.26
20200320,-0.75
20200323,1.53
20200324,0.15
20200325,-0.21
20200326,0.44
20200327,0.98
20200330,1.83
20200331,-1.07
20200401,0.17
20200402,-0.97
20200403,-0.26
20200406,-0.31
20200407,-1.86
20200408,-2.09
20200409,-0.75
20200413,0.82
20200414,2.11
20200415,2.37
20200416,3.88
20200417,-5.43
20200420,1.48
20200421,-0.39
20200422,0.39
20200423,-2.4
20200424,0.33
20200427,-2.35
20200428,-3.3
20200429,-4.73
20200430,0.81
20200501,2.86
20200504,0.15
20200505,2.24
20200506,2.2
20200507,-2.19
20200508,-3.46
20200511,2.51
20200512,0.93
20200513,3.14
20200514,-0.98
20200515,0.66
20200518,-6.25
20200519,1.13
20200520,-1.52
20200521,-1.23
20200522,0.83
20200526,-4.71
20200527,-2.53
20200528,2.14
20200529,2.35
20200601,-2.01
20200602,-1.34
20200603,-4.78
20200604,-3.42
20200605,-5.17
20200608,-5.03
20200609,4.27
20200610,5.93
20200611,5.11
20200612,-3.89
20200615,0.68
20200616,-0.9
20200617,2.9
20200618,-0.1
20200619,1.16
20200622,1.48
20200623,0.31
20200624,3.02
20200625,-0.51
20200626,1.28
20200629,-2.59
20200630,1.21
20200701,2.04
20200702,0.19
20200706,-0.06
20200707,2.62
20200708,0.73
20200709,3
20200710,-2.76
20200713,-1.33
20200714,0.74
20200715,-3.46
20200716,0.4
20200717,1.85
20200720,2.98
20200721,-3.73
20200722,0.57
20200723,-1.82
20200724,-0.01
20200727,2.24
20200728,-0.83
20200729,-0.85
20200730,2.48
20200731,1.12
20200803,1.76
20200804,-0.94
20200805,-1.3
20200806,0.4
20200807,-2.08
20200810,-2.77
20200811,-2.18
20200812,1.86
20200813,1.54
20200814,-1.22
20200817,2.35
20200818,1.71
20200819,0.03
20200820,1.38
20200821,0.8
20200824,-3.32
20200825,1.03
20200826,2.26
20200827,-2.15
20200828,-0.92
20200831,1.79
20200901,1.31
20200902,-0.3
20200903,-3.56
20200904,-2.31
20200908,-0.07
20200909,3.04
20200910,0.38
20200911,-0.44
20200914,-0.11
20200915,1.15
20200916,-2.53
20200917,-0.49
20200918,0.94
20200921,3.01
20200922,1.89
20200923,0.29
20200924,-0.07
20200925,0.8
20200928,-0.87
20200929,1.66
20200930,0.17
20201001,1.17
20201002,-2.71
20201005,0.61
20201006,-0.06
20201007,0.1
20201008,-1.93
20201009,2.01
20201012,0.38
20201013,2.35
20201014,-0.37
20201015,-0.98
20201016,0.07
20201019,-0.34
20201020,-1.17
20201021,-0.5
20201022,-2.79
20201023,0.11
20201026,1.09
20201027,2.75
20201028,0.21
20201029,-1.15
20201030,-2.38
20201102,-1.4
20201103,0.2
20201104,4.87
20201105,-0.15
20201106,1.05
20201109,-14.37
20201110,-1.92
20201111,3.34
20201112,1.83
20201113,-2.16
20201116,-3.3
20201117,-0.27
20201118,0.24
20201119,0.37
20201120,0.73
20201123,-2.73
20201124,-3.83
20201125,1.53
20201127,1.78
20201130,3.06
20201201,-0.78
20201202,-2.23
20201203,-0.56
20201204,-1.85
20201207,1.53
20201208,0.14
20201209,-1.37
20201210,-0.18
20201211,0.63
20201214,1.01
20201215,-0.34
20201216,0.58
20201217,1.2
20201218,1.1
20201221,1.16
20201222,1.88
20201223,-2.24
20201224,0.21
20201228,-0.48
20201229,-0.41
20201230,-0.25
20201231,-0.58
20210104,-0.06
20210105,-0.72
20210106,-2.57
20210107,1.56
20210108,0.85
20210111,-0.93
20210112,-0.72
20210113,0.42
20210114,-1.14
20210115,0.6
20210119,0.63
20210120,1.27
20210121,1.22
20210122,0.83
20210125,0.34
20210126,0.26
20210127,-0.63
20210128,0.17
20210129,0.21
20210201,1.29
20210202,-0.06
20210203,-0.97
20210204,-0.43
20210205,0.43
20210208,0.43
20210209,0.43
20210210,-0.84
20210211,0.71
20210212,0.66
20210216,-0.64
20210217,-1.16
20210218,-0.89
20210219,0.24
20210222,-3.19
20210223,-1.81
20210224,-0.07
20210225,-1.87
20210226,1.94
20210301,1.51
20210302,-1.41
20210303,-3.26
20210304,-2.84
20210305,-1.1
20210308,-3.1
